carrier,flight,origin,dest,air_time,distance
UA,1545,EWR,IAH,227,1400
UA,1714,LGA,IAH,227,1416
AA,1141,JFK,MIA,160,1089
B6,725,JFK,BQN,183,1576
DL,461,LGA,ATL,116,762
UA,1696,EWR,ORD,150,719
B6,507,EWR,FLL,158,1065
EV,5708,LGA,IAD,53,229
B6,79,JFK,MCO,140,944
AA,301,LGA,ORD,138,733
B6,49,JFK,PBI,149,1028
B6,71,JFK,TPA,158,1005
UA,194,JFK,LAX,345,2475
UA,1124,EWR,SFO,361,2565
AA,707,LGA,DFW,257,1389
B6,1806,JFK,BOS,44,187
UA,1187,EWR,LAS,337,2227
B6,371,LGA,FLL,152,1076
MQ,4650,LGA,ATL,134,762
B6,343,EWR,PBI,147,1023
DL,1919,LGA,MSP,170,1020
MQ,4401,LGA,DTW,105,502
AA,1895,EWR,MIA,152,1085
DL,1743,JFK,ATL,128,760
UA,1077,EWR,MIA,157,1085
MQ,3768,EWR,ORD,139,719
UA,303,JFK,SFO,366,2586
B6,135,JFK,RSW,175,1074
B6,709,JFK,SJU,182,1598
DL,575,EWR,ATL,120,746
US,245,EWR,PHX,342,2133
AA,1837,LGA,MIA,153,1096
UA,496,LGA,IAH,229,1416
EV,4626,EWR,MSP,190,1008
MQ,4599,LGA,MSP,166,1020
US,27,JFK,PHX,330,2153
AA,413,JFK,SJU,192,1598
UA,1665,EWR,LAX,366,2454
AA,303,LGA,ORD,140,733
WN,4646,LGA,BWI,40,185
US,1019,EWR,CLT,91,529
EV,4144,EWR,IAD,52,212
AA,711,LGA,DFW,248,1389
B6,389,LGA,MCO,144,950
B6,1002,JFK,BOS,41,187
UA,556,EWR,PBI,146,1023
US,926,EWR,CLT,91,529
UA,1701,EWR,FLL,151,1065
B6,102,JFK,BUF,63,301
UA,883,LGA,DEN,243,1620
UA,1496,EWR,SNA,380,2434
B6,203,JFK,LAS,323,2248
B6,117,JFK,MSY,191,1182
DL,1383,LGA,PBI,149,1035
DL,1415,JFK,SLC,294,1990
DL,1865,JFK,SFO,362,2586
DL,2003,LGA,MIA,161,1096
AA,305,LGA,ORD,143,733
AA,1815,JFK,MCO,142,944
MQ,4534,LGA,XNA,233,1147
UA,1115,EWR,TPA,156,997
DL,1879,LGA,FLL,164,1076
DL,1547,LGA,ATL,126,762
VX,399,JFK,LAX,361,2475
AA,2279,LGA,MIA,159,1096
B6,981,JFK,FLL,156,1069
DL,831,LGA,DTW,105,502
UA,960,EWR,RSW,164,1068
UA,1203,EWR,SJU,188,1608
B6,671,JFK,LAX,381,2475
UA,1092,LGA,ORD,135,733
B6,715,JFK,SJU,190,1598
AA,825,JFK,FLL,159,1069
UA,544,EWR,ORD,156,719
FL,850,LGA,MKE,134,738
B6,987,JFK,MCO,147,944
UA,962,EWR,PBI,153,1023
AA,715,LGA,DFW,254,1389
AS,11,EWR,SEA,338,2402
AA,2083,EWR,DFW,238,1372
UA,1162,EWR,DEN,254,1605
UA,473,LGA,IAH,238,1416
VX,11,JFK,SFO,356,2586
B6,20,JFK,ROC,64,264
B6,1601,LGA,RSW,167,1080
UA,1111,EWR,MCO,145,937
B6,44,JFK,SYR,54,209
B6,643,JFK,SFO,350,2586
AA,309,LGA,ORD,137,733
UA,1479,EWR,IAH,249,1400
B6,983,LGA,TPA,158,1010
AA,33,JFK,LAX,358,2475
B6,341,JFK,SRQ,164,1041
DL,495,JFK,SEA,349,2422
AA,59,JFK,SFO,378,2586
UA,1668,EWR,SFO,373,2565
MQ,3737,EWR,ORD,148,719
DL,2263,LGA,MCO,140,950
UA,477,LGA,DEN,249,1620
US,1733,LGA,CLT,96,544
AA,2267,LGA,MIA,157,1096
DL,2047,LGA,ATL,126,762
WN,733,LGA,DEN,279,1620
B6,517,EWR,MCO,142,937
DL,1843,JFK,MIA,158,1089
DL,2119,LGA,MSP,171,1020
MQ,4406,JFK,RDU,80,427
B6,1172,EWR,BOS,38,200
AA,1838,JFK,BOS,38,187
UA,223,JFK,SFO,369,2586
DL,1959,JFK,MCO,147,944
B6,219,JFK,CLT,98,541
B6,3,JFK,FLL,165,1069
MQ,4490,LGA,CMH,101,479
DL,269,JFK,ATL,126,760
EV,4388,EWR,JAX,132,820
9E,3538,JFK,MSP,189,1029
DL,2395,LGA,PBI,149,1035
EV,4260,EWR,CHS,101,628
MQ,4576,LGA,CLT,118,544
US,675,EWR,CLT,96,529
EV,4537,EWR,MEM,180,946
DL,914,LGA,DEN,267,1620
FL,346,LGA,ATL,132,762
B6,1051,JFK,PIT,86,340
B6,717,JFK,SJU,190,1598
DL,27,JFK,BOS,36,187
DL,301,JFK,SJU,182,1598
B6,181,JFK,SAN,354,2446
MQ,4418,JFK,DCA,52,213
EV,4104,LGA,CLE,91,419
US,487,JFK,CLT,96,541
UA,1223,EWR,DFW,250,1372
AA,1855,LGA,STL,169,888
B6,611,JFK,JAX,130,828
AA,443,JFK,MIA,160,1089
UA,1480,EWR,SFO,357,2565
B6,905,JFK,ORD,160,740
UA,1506,EWR,LAX,359,2454
UA,443,JFK,LAX,360,2475
UA,1592,EWR,MCO,145,937
AA,313,LGA,ORD,137,733
MQ,4610,LGA,ATL,123,762
EV,4412,EWR,MYR,92,550
MQ,4521,LGA,RDU,77,431
F9,835,LGA,DEN,257,1620
AA,717,LGA,DFW,249,1389
MQ,4558,LGA,CLE,88,419
AA,1357,JFK,SJU,188,1598
DL,2304,JFK,DTW,108,509
B6,553,EWR,RSW,157,1068
MQ,3944,JFK,BWI,41,184
UA,1741,EWR,JAC,275,1874
EV,4548,EWR,RDU,75,416
DL,869,EWR,DTW,106,488
UA,1626,EWR,SAN,367,2425
WN,3848,EWR,MDW,146,711
B6,59,JFK,TPA,159,1005
DL,1747,LGA,ATL,129,762
AA,1,JFK,LAX,358,2475
DL,2143,LGA,MIA,158,1096
UA,1296,EWR,PBI,150,1023
HA,51,JFK,HNL,659,4983
DL,181,LGA,DTW,110,502
DL,485,EWR,ATL,125,746
UA,1670,EWR,SEA,343,2402
MQ,4478,LGA,DTW,103,502
DL,1885,LGA,MCO,140,950
VX,407,JFK,LAX,359,2475
UA,1170,EWR,FLL,161,1065
UA,580,EWR,ORD,145,719
MQ,4655,LGA,BNA,142,764
UA,1401,EWR,MIA,158,1085
B6,1061,JFK,AUS,263,1521
UA,1643,EWR,DEN,246,1605
B6,56,JFK,BTV,52,266
US,1467,LGA,PHL,32,96
UA,1220,EWR,IAH,233,1400
AA,655,JFK,STT,184,1623
AA,647,JFK,MIA,166,1089
UA,1601,EWR,MIA,159,1085
UA,1519,EWR,STT,189,1634
AA,1589,EWR,DFW,238,1372
UA,783,EWR,CLE,85,404
AA,721,LGA,DFW,258,1389
B6,41,JFK,MCO,145,944
B6,1103,JFK,RDU,80,427
B6,1305,JFK,IAD,52,228
MQ,4582,LGA,CLT,92,544
DL,120,JFK,LAX,333,2475
B6,1004,JFK,BOS,38,187
B6,215,EWR,SJU,191,1608
B6,57,JFK,PBI,151,1028
UA,1597,EWR,EGE,287,1726
DL,1335,LGA,RSW,166,1080
EV,4636,EWR,DCA,43,199
WN,766,EWR,DEN,264,1605
UA,1148,EWR,TPA,149,997
B6,375,LGA,FLL,161,1076
UA,255,LGA,ORD,154,733
VX,251,JFK,LAS,324,2248
B6,4,JFK,BUF,66,301
B6,17,JFK,FLL,170,1069
WN,3895,LGA,MDW,145,725
DL,2137,LGA,TPA,159,1010
DL,1903,LGA,SRQ,169,1047
B6,361,LGA,PBI,154,1035
WN,1807,LGA,MKE,143,738
AA,319,LGA,ORD,133,733
MQ,4654,LGA,ATL,129,762
B6,679,JFK,LAX,352,2475
EV,4175,EWR,AVL,105,583
B6,600,JFK,PWM,47,273
EV,4681,EWR,STL,170,872
MQ,4670,LGA,BNA,144,764
UA,222,EWR,LAX,346,2454
US,75,EWR,PHX,324,2133
DL,1847,LGA,ATL,129,762
UA,856,EWR,BOS,37,200
DL,2379,LGA,FLL,151,1076
US,1177,LGA,CLT,90,544
B6,503,EWR,FLL,152,1065
US,196,JFK,PHX,342,2153
UA,1625,EWR,DEN,254,1605
MQ,3795,EWR,ORD,131,719
DL,2319,LGA,MSP,160,1020
US,1103,EWR,CLT,90,529
US,1441,JFK,CLT,97,541
EV,5736,LGA,IAD,59,229
DL,1529,JFK,LAS,320,2248
FL,347,LGA,ATL,129,762
EV,4709,EWR,BUF,59,282
MQ,4471,LGA,RDU,78,431
AA,731,LGA,DFW,247,1389
UA,501,EWR,MCO,137,937
AA,19,JFK,LAX,356,2475
UA,1004,LGA,IAH,237,1416
AA,179,JFK,SFO,389,2586
EV,4277,EWR,CHS,100,628
VX,23,JFK,SFO,363,2586
UA,1294,EWR,FLL,157,1065
EV,4180,EWR,IND,135,645
UA,779,EWR,BOS,42,200
AA,321,LGA,ORD,133,733
UA,985,EWR,ORD,149,719
B6,31,JFK,MCO,142,944
EV,4322,EWR,MKE,151,725
UA,455,EWR,IAH,229,1400
UA,1060,EWR,RSW,157,1068
AA,739,LGA,DFW,230,1389
DL,1275,JFK,SLC,295,1990
MQ,4589,LGA,DTW,112,502
B6,373,LGA,FLL,165,1076
DL,1647,LGA,ATL,129,762
EV,4479,EWR,PWM,51,284
DL,2185,LGA,TPA,158,1010
US,2171,LGA,DCA,50,214
WN,321,LGA,BWI,43,185
MQ,3792,JFK,DCA,50,213
UA,369,EWR,LAS,325,2227
B6,545,EWR,PBI,145,1023
DL,2071,LGA,MIA,155,1096
UA,688,EWR,SFO,356,2565
MQ,4485,LGA,CMH,95,479
AA,2099,LGA,MIA,157,1096
B6,24,JFK,BTV,52,266
UA,285,JFK,SFO,364,2586
DL,1031,LGA,DTW,104,502
UA,1086,LGA,IAH,248,1416
EV,4495,EWR,SAV,117,708
WN,1057,LGA,STL,176,888
UA,405,LGA,DEN,256,1620
B6,641,JFK,SFO,349,2586
DL,1171,LGA,RSW,169,1080
US,1085,LGA,CLT,94,544
EV,4294,EWR,RDU,73,416
UA,703,JFK,LAX,357,2475
UA,1143,EWR,PBI,156,1023
UA,987,EWR,TPA,156,997
AA,327,LGA,ORD,127,733
DL,2219,LGA,MSP,166,1020
MQ,4553,LGA,CLE,89,419
B6,133,JFK,RSW,168,1074
VX,409,JFK,LAX,347,2475
AA,1623,EWR,MIA,156,1085
DL,2175,LGA,PBI,153,1035
UA,1010,EWR,SNA,371,2434
EV,4876,EWR,ATL,126,746
FL,353,LGA,CAK,82,397
EV,4693,EWR,SYR,46,195
EV,4275,EWR,CMH,95,463
B6,1,JFK,FLL,167,1069
DL,863,JFK,LAX,330,2475
B6,1174,EWR,BOS,40,200
MQ,4658,LGA,ATL,141,762
AA,3,JFK,LAX,353,2475
DL,1443,LGA,FLL,160,1076
DL,1947,LGA,ATL,133,762
MQ,4425,JFK,DCA,57,213
EV,4511,EWR,ROC,50,246
MQ,4431,LGA,RDU,80,431
UA,1197,EWR,MCO,151,937
AA,743,LGA,DFW,248,1389
WN,1568,EWR,BWI,38,169
UA,701,LGA,ORD,142,733
US,1443,JFK,CLT,102,541
EV,4347,EWR,BTV,51,266
UA,1663,EWR,SJU,187,1608
EV,3850,EWR,ATL,142,746
VX,25,JFK,SFO,353,2586
B6,523,EWR,MCO,139,937
UA,1461,EWR,IAH,221,1400
EV,4216,EWR,BUF,59,282
B6,625,JFK,HOU,253,1428
EV,4135,EWR,CLT,102,529
MQ,3697,EWR,ORD,143,719
UA,391,EWR,SFO,345,2565
AA,1757,LGA,STL,161,888
DL,1715,LGA,MSY,195,1183
WN,133,EWR,MDW,142,711
EV,4679,EWR,JAX,131,820
B6,27,JFK,TPA,160,1005
UA,1114,EWR,PHX,339,2133
EV,5311,EWR,DTW,108,488
DL,1131,LGA,DTW,108,502
UA,428,EWR,FLL,156,1065
AA,1850,JFK,BOS,40,187
WN,564,LGA,MKE,137,738
EV,4118,EWR,DTW,114,488
AA,2253,LGA,MIA,156,1096
MQ,4404,JFK,RDU,79,427
EV,4129,EWR,DCA,45,199
DL,2174,JFK,SLC,298,1990
DL,315,JFK,SJU,188,1598
B6,66,JFK,BUF,70,301
UA,1280,LGA,IAH,238,1416
B6,85,JFK,FLL,173,1069
AA,745,LGA,DFW,243,1389
UA,754,EWR,DEN,252,1605
DL,781,LGA,ATL,132,762
WN,1251,LGA,DEN,264,1620
MQ,4601,LGA,BNA,139,764
US,1459,LGA,CLT,100,544
US,2128,LGA,BOS,38,184
B6,209,JFK,LGB,346,2465
MQ,4426,LGA,CMH,97,479
FL,348,LGA,ATL,128,762
AA,329,LGA,ORD,147,733
AA,1853,EWR,DFW,252,1372
MQ,4646,LGA,MSP,170,1020
UA,765,EWR,DFW,243,1372
B6,1006,JFK,BOS,40,187
UA,1435,EWR,MIA,158,1085
EV,4640,EWR,DAY,107,533
B6,32,JFK,ROC,65,264
MQ,4564,LGA,DTW,102,502
AA,2041,JFK,MIA,163,1089
WN,2596,EWR,HOU,239,1411
B6,991,JFK,PBI,150,1028
US,1615,EWR,CLT,95,529
EV,4112,EWR,ALB,33,143
EV,4340,EWR,BWI,38,169
MQ,4475,LGA,RDU,80,431
EV,4106,EWR,BDL,25,116
B6,393,LGA,MCO,140,950
UA,1425,EWR,LAX,334,2454
DL,1185,EWR,SLC,295,1969
DL,2043,JFK,ATL,131,760
VX,411,JFK,LAX,352,2475
UA,906,EWR,FLL,157,1065
EV,3849,EWR,IND,149,645
B6,615,JFK,JAX,134,828
EV,4665,EWR,PIT,69,319
B6,673,JFK,LAX,352,2475
AA,1073,LGA,MIA,161,1096
B6,431,LGA,SRQ,170,1047
AA,117,JFK,LAX,362,2475
EV,3832,EWR,STL,194,872
AA,753,LGA,DFW,235,1389
UA,15,EWR,HNL,656,4963
WN,2335,EWR,PHX,334,2133
EV,4254,EWR,BUF,57,282
B6,602,JFK,PWM,49,273
EV,4434,EWR,MHT,37,209
EV,4171,EWR,MSN,152,799
EV,4370,EWR,CHS,102,628
DL,2068,JFK,BOS,37,187
EV,4552,EWR,GSO,86,445
B6,1783,JFK,MCO,144,944
WN,2162,LGA,MDW,141,725
MQ,4577,LGA,CLT,98,544
UA,32,EWR,ORD,135,719
UA,617,LGA,ORD,146,733
UA,1258,EWR,IAH,218,1400
US,688,EWR,PHX,318,2133
EV,4869,LGA,MEM,178,963
DL,2247,LGA,ATL,130,762
EV,4516,EWR,MEM,183,946
FL,349,LGA,ATL,133,762
B6,505,EWR,FLL,154,1065
UA,683,EWR,ORD,136,719
UA,16,EWR,SEA,348,2402
MQ,3728,EWR,ORD,136,719
B6,1010,JFK,BOS,38,187
B6,83,JFK,SEA,349,2422
DL,1531,LGA,RSW,160,1080
MQ,4491,LGA,CLE,93,419
UA,257,JFK,SFO,362,2586
EV,5710,LGA,IAD,53,229
EV,4687,EWR,CVG,129,569
EV,4935,EWR,ATL,132,746
B6,355,JFK,BUR,371,2465
UA,278,EWR,PBI,149,1023
UA,997,LGA,IAH,227,1416
B6,1161,LGA,PBI,151,1035
UA,601,EWR,CLE,91,404
DL,1819,LGA,MSP,163,1020
DL,1322,JFK,SFO,375,2586
DL,1972,JFK,DCA,56,213
DL,1231,LGA,DTW,94,502
AA,1813,JFK,MCO,141,944
EV,4292,EWR,IAD,51,212
AA,337,LGA,ORD,147,733
MQ,4669,LGA,ATL,129,762
AA,1769,JFK,MIA,161,1089
US,1445,LGA,CLT,96,544
MQ,4403,JFK,RDU,78,427
9E,4105,JFK,IAD,57,228
9E,3295,JFK,BUF,68,301
B6,61,JFK,FLL,162,1069
MQ,4172,JFK,CLE,99,425
US,2179,LGA,DCA,51,214
EV,4390,EWR,PWM,47,284
9E,3843,JFK,SYR,57,209
DL,1467,JFK,LAX,340,2475
B6,119,JFK,MSY,192,1182
B6,1053,JFK,PIT,87,340
DL,1997,LGA,PBI,152,1035
UA,685,LGA,ORD,140,733
UA,1134,EWR,AUS,252,1504
UA,379,EWR,RSW,166,1068
US,720,EWR,CLT,97,529
MQ,4429,LGA,CMH,94,479
EV,5675,EWR,CMH,96,463
UA,1105,EWR,TPA,152,997
B6,377,LGA,FLL,167,1076
UA,456,EWR,FLL,156,1065
EV,4497,EWR,RIC,63,277
MQ,4447,LGA,RDU,82,431
AA,759,LGA,DFW,248,1389
UA,407,LGA,DEN,237,1620
9E,3792,JFK,ROC,66,264
MQ,4309,JFK,IND,130,665
UA,1687,EWR,MCO,146,937
B6,537,EWR,TPA,156,997
DL,2347,LGA,ATL,135,762
DL,1456,LGA,BUF,60,292
B6,153,JFK,MCO,142,944
EV,4223,EWR,CLT,102,529
MQ,4333,JFK,PIT,79,340
B6,347,JFK,SRQ,171,1041
UA,1699,EWR,SFO,348,2565
AA,883,EWR,DFW,236,1372
MQ,3823,JFK,DCA,57,213
UA,1593,EWR,MCO,152,937
DL,507,LGA,MCO,145,950
MQ,4146,JFK,CMH,98,483
UA,530,JFK,LAX,356,2475
UA,1600,EWR,LAX,337,2454
B6,141,JFK,PBI,156,1028
B6,525,EWR,MCO,152,937
MQ,4525,LGA,XNA,NA,1147
WN,4105,EWR,MDW,141,711
AA,1039,JFK,FLL,163,1069
B6,8,JFK,BUF,66,301
B6,137,JFK,RSW,168,1074
UA,1695,EWR,IAH,210,1400
EV,3806,EWR,STL,NA,872
AA,2223,LGA,STL,160,888
UA,459,EWR,ORD,138,719
US,1665,LGA,CLT,103,544
9E,3369,JFK,BWI,40,184
EV,4372,EWR,DCA,45,199
EV,4572,EWR,GSP,106,594
UA,365,EWR,DEN,247,1605
EV,4093,EWR,GRR,120,605
WN,2081,LGA,MKE,133,738
DL,4,JFK,MCO,133,944
AA,85,JFK,SFO,360,2586
AA,133,JFK,LAX,351,2475
UA,1222,EWR,LAS,342,2227
B6,705,JFK,SJU,193,1598
DL,1283,JFK,SAN,342,2446
DL,1773,JFK,SLC,320,1990
UA,636,LGA,CLE,88,419
9E,3338,JFK,ORD,146,740
DL,1942,EWR,ATL,129,746
MQ,4588,LGA,MSP,167,1020
EV,4181,EWR,MCI,234,1092
UA,80,EWR,MIA,156,1085
9E,3372,JFK,IND,139,665
EV,5709,LGA,IAD,55,229
FL,620,LGA,ATL,132,762
9E,3459,JFK,BNA,150,765
AA,565,JFK,DFW,254,1391
9E,3331,JFK,BOS,41,187
DL,847,LGA,ATL,131,762
MQ,3985,JFK,CVG,118,589
EV,5163,LGA,PIT,69,335
DL,1508,JFK,RSW,171,1074
UA,687,LGA,ORD,143,733
EV,4502,EWR,BNA,168,748
EV,5712,JFK,IAD,53,228
B6,509,EWR,FLL,166,1065
DL,91,JFK,LAS,309,2248
9E,4088,JFK,PHL,35,94
UA,702,EWR,ORD,141,719
DL,1861,LGA,MCI,189,1107
EV,3272,EWR,BUF,58,282
B6,917,JFK,ORD,150,740
WN,591,EWR,DEN,254,1605
MQ,4415,LGA,RDU,79,431
UA,367,EWR,FLL,162,1065
MQ,4579,LGA,CLT,106,544
AA,341,LGA,ORD,146,733
B6,12,JFK,SYR,58,209
UA,465,EWR,BOS,35,200
AA,763,LGA,DFW,249,1389
AA,1467,LGA,MIA,171,1096
B6,157,JFK,MCO,137,944
DL,1411,JFK,FLL,155,1069
DL,1619,LGA,MSP,168,1020
DL,1939,LGA,DEN,235,1620
UA,1635,EWR,PHX,328,2133
EV,4406,EWR,PIT,73,319
MQ,4661,LGA,ATL,136,762
UA,1178,EWR,IAH,242,1400
DL,95,JFK,ATL,130,760
US,35,JFK,PHX,317,2153
AA,1635,JFK,SJU,188,1598
B6,675,JFK,LAX,370,2475
DL,702,JFK,DTW,108,509
B6,63,JFK,TPA,159,1005
VX,27,JFK,SFO,354,2586
EV,4133,EWR,IAD,53,212
DL,920,JFK,DEN,248,1626
EV,4352,EWR,CVG,121,569
B6,143,JFK,PBI,147,1028
EV,4299,EWR,DCA,48,199
US,656,EWR,PHX,309,2133
UA,1726,EWR,SAN,346,2425
WN,190,LGA,STL,181,888
MQ,3695,EWR,ORD,139,719
UA,69,EWR,DEN,247,1605
UA,162,EWR,CLE,84,404
B6,1176,EWR,BOS,42,200
9E,3321,JFK,MSP,173,1029
EV,4580,EWR,MKE,140,725
MQ,4540,LGA,DTW,106,502
AA,1790,JFK,BOS,41,187
UA,1587,EWR,RSW,161,1068
EV,4336,EWR,GSO,89,445
EV,4705,EWR,ATL,139,746
B6,985,LGA,TPA,162,1010
B6,185,JFK,SAN,349,2446
AA,773,LGA,DFW,252,1389
DL,1807,LGA,FLL,158,1076
EV,4539,EWR,MHT,38,209
DL,706,JFK,AUS,251,1521
EV,3260,EWR,ALB,36,143
AA,575,JFK,EGE,280,1747
DL,31,JFK,SFO,357,2586
VX,413,JFK,LAX,362,2475
AA,257,JFK,LAS,322,2248
WN,2773,EWR,STL,181,872
UA,1609,EWR,MCO,148,937
MQ,4323,JFK,ORF,52,290
AA,695,JFK,AUS,247,1521
UA,689,LGA,ORD,144,733
UA,1259,LGA,IAH,234,1416
AA,1905,EWR,DFW,251,1372
US,1447,LGA,CLT,110,544
DL,2121,EWR,ATL,121,746
UA,342,EWR,LAX,334,2454
WN,1066,EWR,HOU,245,1411
EV,4194,EWR,BTV,48,266
B6,1085,JFK,CLT,112,541
B6,369,LGA,PBI,149,1035
UA,509,LGA,DEN,241,1620
UA,635,EWR,SAT,242,1569
B6,15,JFK,FLL,156,1069
AA,1351,JFK,ORD,146,740
F9,511,LGA,DEN,242,1620
B6,703,JFK,SJU,183,1598
UA,1623,EWR,ORD,143,719
AA,345,LGA,ORD,141,733
B6,699,JFK,SJU,189,1598
MQ,4479,LGA,RDU,80,431
DL,513,JFK,LAX,363,2475
US,449,EWR,CLT,104,529
UA,1712,EWR,IAH,235,1400
AA,543,JFK,MIA,157,1089
UA,512,JFK,SFO,347,2586
AA,145,JFK,SAN,357,2446
EV,3843,EWR,SDF,135,642
UA,1284,EWR,SFO,360,2565
FL,623,LGA,ATL,128,762
B6,179,JFK,PHX,323,2153
UA,1715,EWR,SEA,344,2402
EV,4092,EWR,DAY,119,533
B6,139,JFK,RSW,176,1074
B6,547,EWR,PBI,147,1023
DL,2331,LGA,DTW,93,502
DL,1339,JFK,PDX,341,2454
DL,2139,LGA,MIA,167,1096
MQ,4413,LGA,XNA,NA,1147
DL,1585,LGA,MCO,145,950
9E,3651,JFK,RDU,72,427
B6,527,EWR,MCO,137,937
B6,163,JFK,TPA,160,1005
DL,1935,LGA,TPA,160,1010
WN,128,LGA,MDW,137,725
B6,1307,JFK,IAD,65,228
UA,535,JFK,LAX,345,2475
B6,9,JFK,MCO,141,944
WN,3384,EWR,MDW,148,711
B6,391,LGA,MCO,144,950
UA,376,EWR,MCO,140,937
EV,4373,EWR,DCA,45,199
DL,1047,LGA,ATL,125,762
B6,1016,JFK,BOS,36,187
B6,989,JFK,FLL,152,1069
UA,1676,EWR,ORD,135,719
EV,4581,EWR,CMH,95,463
B6,1111,JFK,RDU,78,427
UA,1053,EWR,CLE,83,404
DL,1006,LGA,BUF,61,292
UA,1165,EWR,LAX,340,2454
EV,4382,EWR,DTW,104,488
MQ,4622,LGA,BNA,154,764
US,373,JFK,CLT,100,541
UA,1152,EWR,PDX,336,2434
MQ,4484,LGA,BNA,152,764
UA,1228,EWR,SAN,NA,2425
AS,7,EWR,SEA,336,2402
B6,217,JFK,LGB,337,2465
UA,618,EWR,DFW,228,1372
EV,4202,EWR,STL,177,872
B6,173,JFK,SJC,334,2569
EV,4417,EWR,OMA,213,1134
WN,731,LGA,BWI,46,185
MQ,4626,LGA,CMH,93,479
UA,638,EWR,LAS,307,2227
AA,353,LGA,ORD,138,733
AA,119,EWR,LAX,366,2454
DL,924,JFK,MSP,158,1029
AA,269,JFK,SEA,348,2422
9E,3286,JFK,DTW,107,509
US,1973,EWR,CLT,106,529
AA,1611,LGA,MIA,153,1096
DL,1643,JFK,SEA,334,2422
UA,1139,EWR,DEN,246,1605
EV,4334,LGA,CLE,80,419
UA,1684,EWR,PBI,152,1023
EV,4326,EWR,PWM,48,284
9E,3830,JFK,CHS,106,636
UA,1075,EWR,SNA,342,2434
MQ,3730,EWR,ORD,137,719
UA,668,LGA,ORD,123,733
EV,4179,EWR,CVG,123,569
B6,130,JFK,BUF,70,301
MQ,4517,LGA,CRW,96,444
UA,389,JFK,SFO,357,2586
EV,4633,EWR,BTV,46,266
UA,1292,EWR,FLL,149,1065
AA,2019,LGA,STL,169,888
DL,904,JFK,BOS,34,187
DL,329,JFK,SJU,192,1598
AA,785,LGA,DFW,223,1389
AA,1613,JFK,SJU,190,1598
AA,177,JFK,SFO,361,2586
FL,645,LGA,ATL,134,762
EV,5714,JFK,IAD,55,228
9E,3364,JFK,MSY,207,1182
VX,29,JFK,SFO,364,2586
US,2187,LGA,DCA,54,214
MQ,4674,LGA,CLE,87,419
DL,947,LGA,ATL,135,762
UA,1128,LGA,IAH,231,1416
AA,181,JFK,LAX,336,2475
B6,155,JFK,MCO,133,944
DL,951,JFK,ATL,132,760
WN,2944,LGA,MKE,131,738
EV,4131,EWR,RIC,55,277
DL,1967,JFK,MIA,150,1089
B6,91,JFK,OAK,330,2576
DL,2159,JFK,MCO,133,944
UA,1444,EWR,TPA,150,997
DL,853,JFK,SFO,361,2586
DL,2391,JFK,TPA,159,1005
B6,87,JFK,SLC,291,1990
DL,1629,JFK,LAS,323,2248
EV,3807,EWR,BNA,159,748
9E,3359,JFK,ORD,141,740
US,1491,LGA,CLT,107,544
MQ,4569,LGA,RDU,81,431
DL,1485,LGA,MCO,142,950
UA,927,EWR,PHX,309,2133
DL,6,JFK,SLC,281,1990
UA,1606,EWR,SFO,351,2565
AA,359,LGA,ORD,136,733
EV,3267,EWR,CLT,105,529
DL,541,JFK,PHX,314,2153
EV,4125,EWR,GRR,116,605
B6,171,JFK,SMF,333,2521
EV,5742,LGA,IAD,52,229
DL,87,JFK,LAX,332,2475
AA,2075,EWR,DFW,248,1372
9E,4261,JFK,RDU,75,427
UA,1071,EWR,BQN,192,1585
DL,503,JFK,SAN,333,2446
MQ,4255,JFK,BNA,154,765
EV,4085,EWR,OMA,209,1134
AA,21,JFK,LAX,332,2475
EV,4300,EWR,RIC,68,277
9E,3325,JFK,DFW,NA,1391
AA,1787,JFK,TPA,158,1005
UA,698,EWR,BOS,36,200
B6,381,LGA,FLL,152,1076
MQ,4410,JFK,DCA,60,213
9E,3361,JFK,JAX,129,828
EV,4532,EWR,CHS,106,628
B6,711,JFK,LAS,309,2248
EV,4333,EWR,TUL,NA,1215
VX,415,JFK,LAX,349,2475
UA,1416,EWR,SEA,342,2402
9E,3409,JFK,PIT,76,340
9E,4091,JFK,BWI,41,184
B6,645,JFK,SFO,337,2586
UA,299,EWR,DFW,233,1372
DL,1181,JFK,SAT,251,1587
UA,1233,EWR,IAH,232,1400
EV,4361,EWR,TYS,138,631
9E,3664,JFK,PHL,30,94
AA,1709,LGA,MIA,159,1096
UA,1680,EWR,MIA,154,1085
EV,4644,EWR,SAV,121,708
UA,1271,LGA,ORD,126,733
MQ,4649,LGA,MSP,163,1020
MQ,4555,LGA,CMH,91,479
EV,4440,EWR,PIT,65,319
UA,1204,EWR,CLE,77,404
AA,1762,JFK,BOS,35,187
9E,3320,JFK,BUF,62,301
EV,4204,EWR,OKC,NA,1325
MQ,3783,JFK,CMH,99,483
9E,3899,JFK,CLE,91,425
B6,47,JFK,FLL,149,1069
UA,1299,EWR,RSW,157,1068
FL,354,LGA,CAK,73,397
B6,1069,JFK,AUS,255,1521
9E,3352,JFK,CVG,118,589
B6,359,JFK,BUR,328,2465
DL,1318,JFK,FLL,157,1069
UA,1615,EWR,AUS,248,1504
EV,4224,EWR,MKE,130,725
B6,39,JFK,PBI,150,1028
WN,195,EWR,MDW,134,711
EV,4660,EWR,MHT,33,209
AA,371,LGA,ORD,126,733
B6,629,JFK,HOU,245,1428
B6,115,JFK,MSY,195,1182
UA,834,EWR,IAH,223,1400
UA,994,EWR,BOS,35,200
UA,1482,EWR,LAX,333,2454
EV,4356,EWR,RDU,78,416
B6,619,JFK,JAX,131,828
9E,3357,JFK,DCA,43,213
UA,926,EWR,MCO,136,937
MQ,4423,JFK,RDU,83,427
B6,165,JFK,PDX,331,2454
B6,147,JFK,RSW,163,1074
MQ,4573,LGA,DTW,102,502
UA,380,EWR,PBI,142,1023
EV,4170,EWR,ALB,31,143
EV,4692,EWR,IAD,51,212
B6,399,LGA,MCO,140,950
MQ,4507,LGA,RDU,77,431
MQ,3744,EWR,ORD,133,719
EV,4088,EWR,SDF,136,642
WN,946,LGA,MDW,134,725
UA,1241,EWR,TPA,159,997
MQ,4584,LGA,CLT,101,544
B6,1020,JFK,BOS,34,187
UA,1180,EWR,SJU,199,1608
DL,1668,JFK,LAS,309,2248
B6,677,JFK,LAX,323,2475
UA,1517,EWR,SFO,354,2565
B6,529,EWR,MCO,138,937
MQ,4662,LGA,ATL,127,762
EV,4119,EWR,RIC,65,277
9E,3347,JFK,CVG,115,589
EV,4404,EWR,PVD,28,160
EV,4543,EWR,DSM,200,1017
B6,383,LGA,FLL,160,1076
B6,227,EWR,MCO,143,937
MQ,4660,LGA,BNA,153,764
AA,185,JFK,LAX,338,2475
MQ,4449,JFK,DCA,54,213
B6,97,JFK,DEN,223,1626
UA,1106,EWR,FLL,152,1065
B6,515,EWR,FLL,154,1065
B6,701,JFK,SJU,189,1598
B6,43,JFK,MCO,140,944
EV,4103,EWR,BWI,36,169
AA,1999,EWR,MIA,146,1085
B6,35,JFK,PBI,143,1028
B6,1109,JFK,RDU,86,427
B6,104,JFK,BUF,64,301
B6,713,JFK,SJU,191,1598
B6,21,JFK,TPA,163,1005
EV,4462,EWR,BUF,56,282
EV,4206,EWR,PWM,47,284
B6,11,JFK,FLL,153,1069
B6,608,JFK,PWM,44,273
B6,1018,JFK,BOS,37,187
EV,4276,EWR,BDL,24,116
B6,30,JFK,ROC,59,264
B6,128,JFK,BTV,59,266
B6,112,JFK,BUF,57,301
EV,4312,EWR,DCA,44,199
EV,4257,EWR,BTV,44,266
B6,199,JFK,LAS,290,2248
B6,22,JFK,SYR,45,209
EV,4321,EWR,MCI,222,1092
B6,739,JFK,PSE,195,1617
B6,707,JFK,SJU,185,1598
B6,727,JFK,BQN,186,1576
EV,4308,EWR,RDU,NA,416
AA,791,LGA,DFW,NA,1389
AA,1925,LGA,MIA,NA,1096
B6,125,JFK,FLL,NA,1069
B6,707,JFK,SJU,189,1598
B6,22,JFK,SYR,49,209
US,1030,EWR,CLT,108,529
UA,1453,EWR,IAH,214,1400
AA,1141,JFK,MIA,156,1089
UA,407,LGA,IAH,231,1416
B6,725,JFK,BQN,184,1576
B6,125,JFK,FLL,156,1069
B6,49,JFK,PBI,146,1028
B6,371,LGA,FLL,159,1076
AA,707,LGA,DFW,255,1389
B6,71,JFK,TPA,158,1005
DL,731,LGA,DTW,87,502
EV,5708,LGA,IAD,54,229
DL,461,LGA,ATL,128,762
DL,544,LGA,CVG,117,585
FL,345,LGA,ATL,129,762
UA,303,JFK,SFO,341,2586
UA,402,EWR,LAS,289,2227
UA,1077,EWR,MIA,157,1085
EV,4334,EWR,CMH,98,463
EV,5147,EWR,MSP,155,1008
9E,4171,EWR,CVG,120,569
B6,79,JFK,MCO,140,944
WN,3136,LGA,MDW,117,725
MQ,4401,LGA,DTW,82,502
UA,1280,LGA,ORD,125,733
US,1833,LGA,PHL,28,96
AA,301,LGA,ORD,118,733
UA,1676,EWR,LAX,341,2454
UA,421,EWR,SFO,329,2565
DL,1743,JFK,ATL,129,760
DL,1919,LGA,MSP,167,1020
AA,1895,EWR,MIA,151,1085
B6,507,EWR,FLL,158,1065
EV,5310,LGA,MEM,172,963
DL,575,EWR,ATL,124,746
WN,1563,EWR,MDW,139,711
B6,343,EWR,PBI,146,1023
B6,709,JFK,SJU,191,1598
UA,1141,JFK,LAX,354,2475
US,1567,JFK,CLT,106,541
AA,1837,LGA,MIA,155,1096
MQ,4599,LGA,MSP,159,1020
MQ,4650,LGA,ATL,138,762
MQ,4576,LGA,CLT,106,544
UA,473,LGA,IAH,230,1416
UA,516,EWR,DFW,249,1372
US,1019,EWR,CLT,103,529
DL,2137,LGA,TPA,159,1010
WN,3641,EWR,BWI,42,169
EV,4144,EWR,IAD,51,212
EV,4460,EWR,CVG,118,569
US,245,EWR,PHX,308,2133
B6,135,JFK,RSW,177,1074
DL,1879,LGA,FLL,166,1076
WN,4648,LGA,BWI,42,185
EV,4150,EWR,RDU,82,416
UA,387,EWR,LAX,325,2454
AA,303,LGA,ORD,123,733
UA,1276,EWR,AUS,248,1504
UA,908,EWR,PHX,299,2133
EV,3829,EWR,BNA,138,748
US,27,JFK,PHX,312,2153
UA,1162,EWR,CLE,79,404
B6,1002,JFK,BOS,34,187
UA,1627,EWR,PBI,145,1023
EV,3831,EWR,ATL,138,746
AA,711,LGA,DFW,249,1389
B6,102,JFK,BUF,60,301
B6,389,LGA,MCO,142,950
US,1433,LGA,CLT,109,544
UA,320,LGA,DEN,218,1620
UA,785,EWR,BOS,34,200
US,926,EWR,CLT,102,529
DL,1415,JFK,SLC,274,1990
UA,392,EWR,MCO,141,937
DL,1865,JFK,SFO,323,2586
UA,1701,EWR,FLL,168,1065
AA,1815,JFK,MCO,144,944
B6,203,JFK,LAS,297,2248
DL,763,JFK,LAX,317,2475
DL,1383,LGA,PBI,162,1035
DL,2003,LGA,MIA,161,1096
B6,981,JFK,FLL,162,1069
MQ,4534,LGA,XNA,233,1147
US,2163,LGA,DCA,46,214
VX,399,JFK,LAX,330,2475
EV,4471,EWR,CLT,102,529
AA,305,LGA,ORD,122,733
AA,2279,LGA,MIA,163,1096
DL,1445,LGA,MSY,193,1183
UA,756,EWR,TPA,164,997
B6,117,JFK,MSY,192,1182
DL,831,LGA,DTW,90,502
UA,1152,EWR,SJU,194,1608
AA,413,JFK,SJU,197,1598
MQ,3737,EWR,ORD,115,719
AA,443,JFK,MIA,160,1089
B6,671,JFK,LAX,327,2475
DL,1547,LGA,ATL,125,762
UA,1223,LGA,ORD,127,733
AA,825,JFK,FLL,161,1069
B6,987,JFK,MCO,144,944
UA,223,JFK,SFO,341,2586
UA,1526,EWR,RSW,168,1068
MQ,3768,EWR,ORD,112,719
AS,11,EWR,SEA,314,2402
UA,393,EWR,ORD,114,719
VX,11,JFK,SFO,344,2586
UA,277,EWR,SNA,338,2434
UA,311,EWR,DEN,251,1605
FL,850,LGA,MKE,113,738
B6,1601,LGA,RSW,168,1080
DL,495,JFK,SEA,309,2422
B6,715,JFK,SJU,187,1598
AA,33,JFK,LAX,351,2475
B6,44,JFK,SYR,50,209
UA,1509,LGA,IAH,230,1416
B6,20,JFK,ROC,57,264
B6,643,JFK,SFO,335,2586
WN,20,EWR,HOU,235,1411
UA,1199,EWR,BOS,34,200
B6,983,LGA,TPA,162,1010
AA,309,LGA,ORD,121,733
AA,59,JFK,SFO,353,2586
UA,1296,EWR,MCO,144,937
WN,1581,LGA,DEN,263,1620
EV,4348,EWR,GSO,94,445
UA,328,LGA,DEN,220,1620
9E,3373,JFK,PHL,30,94
DL,807,EWR,ATL,128,746
AA,715,LGA,DFW,244,1389
UA,1668,EWR,SFO,350,2565
B6,341,JFK,SRQ,167,1041
UA,1724,EWR,PBI,151,1023
9E,3643,JFK,PIT,68,340
EV,4166,EWR,GSP,109,594
EV,4233,EWR,BTV,49,266
UA,251,EWR,IAH,215,1400
EV,4241,EWR,DCA,46,199
DL,2263,LGA,MCO,143,950
B6,517,EWR,MCO,146,937
B6,3,JFK,FLL,155,1069
DL,2047,LGA,ATL,123,762
DL,1843,JFK,MIA,155,1089
US,1733,LGA,CLT,106,544
AA,2267,LGA,MIA,160,1096
B6,1172,EWR,BOS,38,200
DL,1959,JFK,MCO,143,944
AA,2083,EWR,DFW,241,1372
MQ,4406,JFK,RDU,86,427
UA,423,EWR,PDX,310,2434
AA,655,JFK,STT,193,1623
DL,1271,JFK,FLL,170,1069
DL,269,JFK,ATL,124,760
US,675,EWR,CLT,107,529
B6,1051,JFK,PIT,71,340
DL,2119,LGA,MSP,142,1020
DL,914,LGA,DEN,253,1620
DL,1167,JFK,TPA,160,1005
MQ,4655,LGA,BNA,131,764
DL,2395,LGA,PBI,153,1035
MQ,4490,LGA,CMH,90,479
MQ,4418,JFK,DCA,43,213
EV,4235,EWR,IND,132,645
9E,3521,JFK,ORD,143,740
AA,1838,JFK,BOS,37,187
B6,219,JFK,CLT,108,541
B6,181,JFK,SAN,330,2446
DL,1429,JFK,LAS,336,2248
B6,611,JFK,JAX,136,828
B6,717,JFK,SJU,187,1598
UA,1218,EWR,DFW,259,1372
UA,1067,EWR,LAX,343,2454
FL,346,LGA,ATL,127,762
AA,313,LGA,ORD,118,733
DL,1335,LGA,RSW,169,1080
AA,1855,LGA,STL,146,888
DL,452,EWR,MSP,163,1008
EV,4160,EWR,OMA,198,1134
F9,835,LGA,DEN,239,1620
DL,301,JFK,SJU,188,1598
MQ,4610,LGA,ATL,124,762
EV,3845,EWR,ORF,61,284
9E,3383,JFK,DCA,42,213
B6,905,JFK,ORD,138,740
EV,4138,EWR,ROC,47,246
AA,717,LGA,DFW,229,1389
UA,572,JFK,LAX,340,2475
UA,651,EWR,ORD,129,719
EV,4691,EWR,DAY,106,533
WN,2392,EWR,PHX,331,2133
EV,4420,EWR,MSP,180,1008
9E,4220,JFK,RDU,87,427
AA,1357,JFK,SJU,200,1598
MQ,4521,LGA,RDU,83,431
UA,397,JFK,SFO,349,2586
EV,4610,EWR,SYR,40,195
9E,3754,JFK,BUF,59,301
MQ,4558,LGA,CLE,71,419
9E,3323,JFK,DTW,93,509
B6,59,JFK,TPA,160,1005
UA,1643,EWR,DEN,242,1605
EV,4255,EWR,CHS,108,628
9E,3538,JFK,MSP,153,1029
B6,553,EWR,RSW,171,1068
UA,1506,EWR,SAN,346,2425
EV,4537,EWR,MEM,178,946
UA,1670,EWR,SEA,312,2402
AA,1,JFK,LAX,336,2475
WN,4974,EWR,MDW,126,711
DL,869,EWR,DTW,88,488
DL,120,JFK,LAX,310,2475
MQ,4478,LGA,DTW,80,502
AA,647,JFK,MIA,163,1089
DL,485,EWR,ATL,125,746
DL,1747,LGA,ATL,128,762
DL,2143,LGA,MIA,162,1096
UA,974,EWR,SFO,350,2565
EV,4409,EWR,RIC,59,277
UA,222,EWR,LAX,330,2454
UA,448,EWR,CLE,79,404
UA,667,LGA,IAH,230,1416
DL,1885,LGA,MCO,148,950
UA,1741,EWR,JAC,258,1874
UA,235,EWR,ORD,107,719
VX,407,JFK,LAX,338,2475
B6,56,JFK,BTV,51,266
EV,4140,EWR,XNA,NA,1131
B6,17,JFK,FLL,160,1069
HA,51,JFK,HNL,638,4983
US,1429,LGA,CLT,100,544
DL,181,LGA,DTW,92,502
B6,1305,JFK,IAD,50,228
UA,493,EWR,IAH,227,1400
MQ,4582,LGA,CLT,94,544
UA,1519,EWR,STT,195,1634
B6,1004,JFK,BOS,39,187
EV,4690,EWR,GRR,109,605
AA,721,LGA,DFW,237,1389
AA,1589,EWR,DFW,243,1372
EV,4104,EWR,PIT,61,319
B6,215,EWR,SJU,209,1608
B6,1103,JFK,RDU,88,427
B6,375,LGA,FLL,162,1076
VX,251,JFK,LAS,308,2248
EV,4388,EWR,JAX,137,820
B6,1061,JFK,AUS,251,1521
UA,1148,EWR,TPA,159,997
US,487,JFK,CLT,103,541
DL,1903,LGA,SRQ,164,1047
UA,1597,EWR,EGE,261,1726
UA,1018,EWR,PBI,154,1023
WN,1484,EWR,DEN,243,1605
DL,1109,LGA,TPA,156,1010
UA,279,EWR,FLL,161,1065
B6,4,JFK,BUF,61,301
WN,1807,LGA,MKE,123,738
EV,4600,EWR,PWM,49,284
B6,57,JFK,PBI,156,1028
B6,361,LGA,PBI,155,1035
EV,4159,EWR,MHT,41,209
EV,4636,EWR,DCA,45,199
AA,319,LGA,ORD,119,733
MQ,4654,LGA,ATL,121,762
EV,4548,EWR,RDU,82,416
B6,600,JFK,PWM,47,273
9E,4108,JFK,ROC,59,264
EV,5736,LGA,IAD,49,229
WN,1222,LGA,MDW,121,725
DL,1765,JFK,SFO,362,2586
EV,4681,EWR,STL,174,872
UA,1623,EWR,MCO,147,937
DL,2379,LGA,FLL,159,1076
B6,503,EWR,FLL,175,1065
US,75,EWR,PHX,292,2133
EV,4495,EWR,SAV,131,708
9E,3694,JFK,BWI,39,184
B6,679,JFK,LAX,326,2475
UA,1625,EWR,DEN,243,1605
US,1177,LGA,CLT,103,544
US,1441,JFK,CLT,111,541
MQ,3795,EWR,ORD,112,719
US,1103,EWR,CLT,104,529
DL,1529,JFK,LAS,310,2248
FL,347,LGA,ATL,122,762
US,196,JFK,PHX,303,2153
DL,1847,LGA,ATL,126,762
AA,731,LGA,DFW,225,1389
EV,4195,EWR,CHS,117,628
B6,1026,JFK,BOS,35,187
DL,2319,LGA,MSP,157,1020
MQ,4471,LGA,RDU,90,431
UA,1563,LGA,IAH,219,1416
DL,2343,EWR,ATL,126,746
VX,23,JFK,SFO,357,2586
EV,4709,EWR,BUF,51,282
UA,1702,EWR,BOS,40,200
EV,4175,EWR,AVL,100,583
B6,31,JFK,MCO,146,944
UA,1294,EWR,FLL,181,1065
EV,4246,EWR,IND,128,645
AA,19,JFK,LAX,344,2475
MQ,4589,LGA,DTW,103,502
B6,545,EWR,PBI,148,1023
DL,1573,LGA,MEM,168,963
UA,375,EWR,ORD,111,719
B6,373,LGA,FLL,158,1076
MQ,4670,LGA,BNA,134,764
DL,1275,JFK,SLC,275,1990
UA,460,EWR,SFO,310,2565
UA,1060,EWR,RSW,172,1068
AA,739,LGA,DFW,228,1389
DL,1785,LGA,MCO,143,950
US,2124,LGA,BOS,34,184
B6,41,JFK,MCO,144,944
DL,1647,LGA,ATL,125,762
MQ,3792,JFK,DCA,54,213
UA,1605,EWR,LAS,314,2227
US,2171,LGA,DCA,47,214
UA,1143,EWR,PBI,187,1023
B6,641,JFK,SFO,330,2586
UA,491,EWR,IAH,226,1400
UA,642,JFK,SFO,340,2586
WN,3094,LGA,BWI,35,185
AA,2099,LGA,MIA,168,1096
B6,24,JFK,BTV,53,266
DL,1031,LGA,DTW,92,502
MQ,4485,LGA,CMH,89,479
AA,321,LGA,ORD,116,733
DL,2071,LGA,MIA,167,1096
EV,5218,LGA,PIT,60,335
DL,695,JFK,MCO,144,944
UA,1477,LGA,DEN,270,1620
AA,327,LGA,ORD,133,733
US,1085,LGA,CLT,104,544
EV,5026,EWR,DTW,86,488
9E,3658,LGA,GRR,NA,618
UA,703,JFK,LAX,332,2475
DL,1171,LGA,RSW,169,1080
WN,316,LGA,STL,162,888
B6,133,JFK,RSW,168,1074
UA,569,EWR,TPA,153,997
UA,1663,EWR,SJU,194,1608
VX,409,JFK,LAX,341,2475
B6,1,JFK,FLL,175,1069
DL,2175,LGA,PBI,148,1035
AA,1623,EWR,MIA,154,1085
DL,401,EWR,ATL,128,746
UA,1010,EWR,SNA,334,2434
DL,2219,LGA,MSP,158,1020
MQ,4646,LGA,MSP,157,1020
FL,353,LGA,CAK,66,397
DL,2185,LGA,TPA,153,1010
MQ,4425,JFK,DCA,55,213
AA,743,LGA,DFW,243,1389
B6,523,EWR,MCO,140,937
B6,625,JFK,HOU,241,1428
DL,863,JFK,LAX,348,2475
MQ,4658,LGA,ATL,125,762
UA,1248,EWR,BOS,36,200
B6,1174,EWR,BOS,35,200
DL,1705,LGA,MSY,196,1183
EV,4247,EWR,RDU,81,416
DL,1443,LGA,FLL,161,1076
US,1443,JFK,CLT,110,541
WN,3018,EWR,STL,176,872
UA,1461,EWR,IAH,232,1400
VX,25,JFK,SFO,338,2586
MQ,4553,LGA,CLE,75,419
AA,3,JFK,LAX,341,2475
EV,4479,EWR,PWM,50,284
MQ,4431,LGA,RDU,86,431
EV,4216,EWR,BUF,49,282
UA,1037,EWR,MCO,148,937
EV,3850,EWR,ATL,134,746
UA,1492,EWR,DEN,246,1605
AA,1757,LGA,STL,172,888
B6,673,JFK,LAX,337,2475
MQ,3697,EWR,ORD,118,719
B6,27,JFK,TPA,161,1005
UA,391,EWR,SFO,316,2565
EV,4347,EWR,BTV,48,266
EV,4322,EWR,MKE,131,725
EV,4640,EWR,DAY,106,533
EV,4294,EWR,JAX,131,820
EV,5311,EWR,DTW,90,488
MQ,4404,JFK,RDU,85,427
B6,66,JFK,BUF,63,301
UA,1114,EWR,PHX,320,2133
DL,1131,LGA,DTW,101,502
WN,3223,LGA,MKE,127,738
MQ,4601,LGA,BNA,139,764
EV,4147,EWR,CMH,95,463
WN,1672,EWR,BWI,36,169
AA,2253,LGA,MIA,158,1096
AA,1853,EWR,DFW,233,1372
DL,2174,JFK,SLC,264,1990
EV,4118,EWR,DTW,108,488
EV,4412,EWR,MYR,94,550
DL,315,JFK,SJU,188,1598
AA,745,LGA,DFW,226,1389
B6,209,JFK,LGB,333,2465
AA,1850,JFK,BOS,36,187
UA,633,LGA,IAH,225,1416
9E,3903,EWR,CVG,111,569
DL,781,LGA,ATL,126,762
US,1459,LGA,CLT,104,544
B6,85,JFK,FLL,166,1069
DL,1869,LGA,CVG,110,585
WN,408,EWR,MDW,114,711
EV,4129,EWR,DCA,46,199
DL,673,EWR,ATL,126,746
UA,1434,EWR,DFW,231,1372
WN,1251,LGA,DEN,258,1620
MQ,4426,LGA,CMH,84,479
UA,1186,EWR,MIA,159,1085
UA,1200,EWR,ORD,136,719
B6,991,JFK,PBI,157,1028
B6,1006,JFK,BOS,40,187
AA,329,LGA,ORD,135,733
FL,348,LGA,ATL,122,762
US,1615,EWR,CLT,109,529
EV,4552,EWR,GSO,88,445
B6,393,LGA,MCO,144,950
UA,1425,EWR,LAX,340,2454
WN,3294,EWR,HOU,240,1411
MQ,4475,LGA,RDU,89,431
B6,505,EWR,FLL,164,1065
DL,2043,JFK,ATL,130,760
VX,411,JFK,LAX,361,2475
EV,4254,EWR,BUF,54,282
B6,355,JFK,BUR,339,2465
EV,4511,EWR,ROC,48,246
B6,705,JFK,SJU,193,1598
EV,4364,EWR,MCI,203,1092
EV,4316,EWR,ALB,33,143
B6,32,JFK,ROC,62,264
EV,4660,EWR,BDL,24,116
B6,525,EWR,MCO,148,937
EV,4417,EWR,OMA,200,1134
B6,615,JFK,JAX,133,828
B6,431,LGA,SRQ,167,1047
UA,1164,EWR,FLL,172,1065
EV,4135,EWR,CLT,105,529
EV,3832,EWR,STL,174,872
AA,117,JFK,LAX,344,2475
DL,1947,LGA,ATL,126,762
AA,1073,LGA,MIA,158,1096
DL,1685,LGA,MCO,150,950
UA,15,EWR,HNL,634,4963
AA,2041,JFK,MIA,159,1089
MQ,4577,LGA,CLT,103,544
US,688,EWR,PHX,299,2133
WN,2967,LGA,MDW,123,725
EV,4497,EWR,RIC,61,277
B6,83,JFK,SEA,323,2422
B6,1783,JFK,MCO,163,944
UA,1153,EWR,IAH,208,1400
EV,5712,JFK,IAD,57,228
B6,602,JFK,PWM,45,273
MQ,4564,LGA,DTW,83,502
EV,4370,EWR,CHS,111,628
DL,2068,JFK,BOS,36,187
FL,349,LGA,ATL,124,762
DL,981,LGA,MIA,160,1096
MQ,3728,EWR,ORD,111,719
UA,468,EWR,MCO,150,937
UA,257,JFK,SFO,341,2586
MQ,4588,LGA,MSP,165,1020
EV,4340,EWR,BWI,37,169
EV,3835,EWR,MSN,145,799
UA,1187,EWR,ORD,135,719
UA,1122,EWR,PBI,150,1023
DL,2247,LGA,ATL,122,762
DL,2079,LGA,FLL,154,1076
EV,5710,LGA,IAD,52,229
DL,1322,JFK,SFO,347,2586
WN,4859,EWR,PHX,330,2133
UA,566,LGA,IAH,237,1416
UA,1184,EWR,CLE,87,404
B6,347,JFK,SRQ,167,1041
EV,4516,EWR,MEM,179,946
B6,1161,LGA,PBI,148,1035
DL,1531,LGA,RSW,178,1080
DL,1819,LGA,MSP,159,1020
DL,1972,JFK,DCA,60,213
US,1445,LGA,CLT,94,544
B6,8,JFK,BUF,61,301
9E,3295,JFK,BUF,59,301
MQ,4172,JFK,CLE,81,425
9E,3793,JFK,CLT,93,541
B6,141,JFK,PBI,157,1028
DL,1231,LGA,DTW,91,502
UA,1121,EWR,FLL,158,1065
B6,119,JFK,MSY,196,1182
B6,377,LGA,FLL,168,1076
UA,1166,EWR,TPA,160,997
DL,1861,LGA,MCI,200,1107
EV,3806,EWR,STL,177,872
AA,1925,LGA,MIA,161,1096
B6,1010,JFK,BOS,36,187
DL,1997,LGA,PBI,155,1035
US,2179,LGA,DCA,53,214
B6,1053,JFK,PIT,71,340
UA,1687,EWR,MCO,143,937
9E,3653,JFK,ORF,57,290
AA,337,LGA,ORD,124,733
MQ,4669,LGA,ATL,126,762
US,720,EWR,CLT,91,529
DL,2347,LGA,ATL,126,762
MQ,4429,LGA,CMH,82,479
DL,1467,JFK,LAX,341,2475
UA,1552,EWR,SEA,324,2402
US,2132,LGA,BOS,41,184
AA,883,EWR,DFW,223,1372
UA,984,EWR,BOS,44,200
AA,1769,JFK,MIA,163,1089
B6,63,JFK,TPA,160,1005
MQ,4309,JFK,IND,116,665
9E,4105,JFK,IAD,56,228
B6,537,EWR,TPA,161,997
UA,1483,EWR,AUS,239,1504
EV,4633,EWR,BTV,51,266
EV,4572,EWR,GSP,109,594
UA,1629,EWR,ORD,129,719
WN,2081,LGA,MKE,123,738
AA,2223,LGA,STL,148,888
AA,759,LGA,DFW,230,1389
MQ,4491,LGA,CLE,70,419
UA,1600,EWR,LAX,346,2454
UA,1695,EWR,IAH,205,1400
UA,1107,EWR,DEN,243,1605
9E,3369,JFK,BWI,41,184
DL,1939,LGA,DEN,236,1620
9E,3799,LGA,RIC,58,292
MQ,3823,JFK,DCA,59,213
UA,530,JFK,LAX,341,2475
B6,153,JFK,MCO,150,944
US,1665,LGA,CLT,94,544
9E,3843,JFK,SYR,49,209
MQ,4579,LGA,CLT,91,544
MQ,4403,JFK,RDU,85,427
EV,4090,EWR,CVG,121,569
AA,1039,JFK,FLL,159,1069
MQ,4333,JFK,PIT,71,340
UA,1222,EWR,LAS,299,2227
AA,85,JFK,SFO,354,2586
B6,61,JFK,FLL,170,1069
DL,1935,LGA,TPA,156,1010
MQ,4525,LGA,XNA,216,1147
MQ,4447,LGA,RDU,80,431
UA,289,EWR,MCO,150,937
9E,3792,JFK,ROC,54,264
MQ,4146,JFK,CMH,94,483
DL,4,JFK,MCO,150,944
B6,703,JFK,SJU,195,1598
DL,507,LGA,MCO,152,950
9E,3338,JFK,ORD,150,740
AA,763,LGA,DFW,229,1389
DL,1942,EWR,ATL,129,746
9E,3321,JFK,MSP,167,1029
UA,317,LGA,CLE,79,419
UA,379,EWR,RSW,166,1068
EV,4617,EWR,PIT,63,319
B6,137,JFK,RSW,169,1074
B6,917,JFK,ORD,151,740
DL,1283,JFK,SAN,331,2446
DL,1773,JFK,SLC,277,1990
DL,95,JFK,ATL,119,760
EV,4922,LGA,ROC,47,254
DL,667,JFK,PDX,305,2454
AA,1467,LGA,MIA,155,1096
EV,4181,EWR,MCI,211,1092
B6,369,LGA,PBI,153,1035
DL,1508,JFK,RSW,174,1074
UA,1242,EWR,FLL,168,1065
AA,565,JFK,DFW,230,1391
B6,509,EWR,FLL,170,1065
UA,80,EWR,MIA,161,1085
FL,620,LGA,ATL,130,762
MQ,3985,JFK,CVG,118,589
UA,1215,LGA,ORD,125,733
EV,5675,EWR,CMH,92,463
9E,3459,JFK,BNA,139,765
UA,479,EWR,BOS,38,200
9E,3331,JFK,BOS,46,187
EV,4576,EWR,GRR,109,605
DL,91,JFK,LAS,320,2248
DL,1473,LGA,MEM,168,963
EV,4580,EWR,MKE,154,725
MQ,4415,LGA,RDU,76,431
B6,12,JFK,SYR,48,209
DL,1411,JFK,FLL,165,1069
DL,847,LGA,ATL,126,762
UA,1635,EWR,PHX,340,2133
9E,4088,JFK,PHL,29,94
AA,179,JFK,SFO,346,2586
EV,4372,EWR,DCA,41,199
AA,1635,JFK,SJU,190,1598
B6,157,JFK,MCO,151,944
EV,5709,LGA,IAD,56,229
9E,3392,JFK,RDU,83,427
B6,985,LGA,TPA,157,1010
MQ,4622,LGA,BNA,136,764
9E,3372,JFK,IND,116,665
WN,2305,EWR,DEN,246,1605
AA,341,LGA,ORD,129,733
UA,315,EWR,SFO,333,2565
UA,1178,EWR,IAH,220,1400
9E,3384,JFK,MEM,166,964
DL,2231,LGA,DTW,97,502
UA,1587,EWR,RSW,166,1068
EV,4292,EWR,IAD,57,212
DL,1043,JFK,SEA,323,2422
B6,675,JFK,LAX,321,2475
DL,702,JFK,DTW,96,509
UA,1051,EWR,CLE,75,404
DL,1619,LGA,MSP,156,1020
VX,27,JFK,SFO,346,2586
DL,920,JFK,DEN,242,1626
UA,985,EWR,SAN,319,2425
WN,864,LGA,STL,152,888
US,656,EWR,PHX,303,2133
EV,3843,EWR,SDF,121,642
B6,139,JFK,RSW,172,1074
DL,161,JFK,MIA,157,1089
AA,773,LGA,DFW,240,1389
EV,4390,EWR,PWM,58,284
MQ,3695,EWR,ORD,115,719
UA,1641,EWR,MCO,142,937
UA,1556,EWR,DEN,244,1605
AA,1790,JFK,BOS,45,187
B6,1085,JFK,CLT,91,541
UA,1078,EWR,SAT,260,1569
B6,1176,EWR,BOS,38,200
DL,31,JFK,SFO,343,2586
DL,995,LGA,CVG,108,585
VX,413,JFK,LAX,330,2475
DL,706,JFK,AUS,243,1521
9E,3347,JFK,CVG,111,589
WN,3358,EWR,STL,159,872
AA,257,JFK,LAS,331,2248
B6,143,JFK,PBI,149,1028
MQ,4540,LGA,DTW,88,502
B6,185,JFK,SAN,334,2446
UA,627,LGA,ORD,138,733
EV,4645,EWR,SAV,122,708
AA,575,JFK,EGE,260,1747
US,1447,LGA,CLT,100,544
AA,1905,EWR,DFW,233,1372
UA,1259,LGA,IAH,238,1416
EV,4502,EWR,BNA,148,748
UA,509,LGA,DEN,233,1620
UA,342,EWR,LAX,332,2454
EV,5132,EWR,ATL,125,746
WN,2521,EWR,MDW,127,711
B6,163,JFK,TPA,155,1005
MQ,4323,JFK,ORF,55,290
AA,695,JFK,AUS,252,1521
AA,181,JFK,LAX,335,2475
AA,1351,JFK,ORD,125,740
MQ,4255,JFK,BNA,134,765
FL,623,LGA,ATL,130,762
DL,1779,LGA,FLL,159,1076
DL,1499,LGA,ATL,129,762
DL,1185,EWR,SLC,277,1969
DL,513,JFK,LAX,381,2475
AA,543,JFK,MIA,156,1089
UA,784,EWR,PDX,351,2434
US,449,EWR,CLT,91,529
EV,4299,EWR,DCA,39,199
EV,4133,EWR,IAD,48,212
F9,511,LGA,DEN,238,1620
UA,618,EWR,DFW,248,1372
DL,1139,LGA,ATL,128,762
UA,1125,EWR,IAH,226,1400
UA,512,JFK,SFO,328,2586
B6,74,JFK,BTV,52,266
MQ,4661,LGA,ATL,127,762
AA,145,JFK,SAN,344,2446
UA,1120,EWR,SAN,341,2425
EV,4317,EWR,CVG,113,569
AA,345,LGA,ORD,127,733
DL,1339,JFK,PDX,322,2454
DL,503,JFK,SAN,319,2446
EV,4382,EWR,DTW,102,488
MQ,4413,LGA,XNA,216,1147
UA,1109,EWR,MCO,143,937
AA,785,LGA,DFW,245,1389
B6,9,JFK,MCO,153,944
DL,2331,LGA,DTW,78,502
DL,1585,LGA,MCO,157,950
EV,3260,EWR,ALB,31,143
UA,535,JFK,LAX,325,2475
MQ,4479,LGA,RDU,85,431
UA,1177,EWR,ORD,134,719
EV,4194,EWR,BTV,49,266
B6,1016,JFK,BOS,43,187
B6,1307,JFK,IAD,52,228
WN,2827,EWR,MDW,124,711
WN,1186,LGA,MDW,121,725
AA,1813,JFK,MCO,149,944
B6,15,JFK,FLL,159,1069
EV,4702,EWR,GSO,83,445
EV,3272,EWR,BUF,51,282
AA,177,JFK,SFO,348,2586
AA,1999,EWR,MIA,161,1085
B6,989,JFK,FLL,160,1069
EV,4180,EWR,MHT,39,209
B6,1111,JFK,RDU,81,427
DL,1047,LGA,ATL,127,762
9E,3925,JFK,PIT,64,340
US,35,JFK,PHX,312,2153
DL,2019,LGA,MSP,144,1020
UA,1053,EWR,CLE,67,404
EV,4705,EWR,ATL,137,746
MQ,4484,LGA,BNA,134,764
MQ,4626,LGA,CMH,81,479
EV,4308,EWR,RDU,78,416
UA,1209,EWR,LAX,341,2454
B6,547,EWR,PBI,150,1023
UA,1158,LGA,ORD,129,733
EV,4272,EWR,RIC,53,277
AA,1611,LGA,MIA,164,1096
B6,179,JFK,PHX,299,2153
WN,2529,EWR,HOU,243,1411
WN,4844,LGA,BWI,40,185
B6,217,JFK,LGB,317,2465
UA,979,EWR,SFO,355,2565
AS,7,EWR,SEA,332,2402
EV,4373,EWR,DCA,44,199
MQ,4674,LGA,CLE,74,419
9E,3830,JFK,CHS,104,636
DL,1643,JFK,SEA,325,2422
UA,597,EWR,ORD,137,719
US,1973,EWR,CLT,99,529
DL,924,JFK,MSP,151,1029
DL,1407,JFK,DTW,95,509
UA,1075,EWR,SNA,350,2434
EV,4151,EWR,BWI,35,169
UA,754,EWR,LAS,294,2227
DL,926,EWR,ATL,122,746
B6,173,JFK,SJC,323,2569
UA,1462,EWR,DEN,238,1605
MQ,3944,JFK,BWI,36,184
B6,391,LGA,MCO,158,950
DL,857,LGA,PIT,57,335
UA,1292,EWR,FLL,161,1065
US,373,JFK,CLT,95,541
B6,359,JFK,BUR,321,2465
DL,329,JFK,SJU,192,1598
AA,269,JFK,SEA,337,2422
WN,2450,EWR,BWI,36,169
B6,91,JFK,OAK,328,2576
DL,904,JFK,BOS,38,187
UA,1649,EWR,SEA,322,2402
MQ,4649,LGA,MSP,163,1020
UA,389,JFK,SFO,339,2586
9E,3983,EWR,CVG,131,569
EV,4202,EWR,STL,176,872
9E,3325,JFK,DFW,NA,1391
AA,119,EWR,LAX,349,2454
EV,4321,EWR,MCI,NA,1092
AA,2019,LGA,STL,155,888
VX,29,JFK,SFO,353,2586
MQ,3730,EWR,ORD,123,719
FL,645,LGA,ATL,129,762
AA,1613,JFK,SJU,191,1598
DL,947,LGA,ATL,125,762
US,2187,LGA,DCA,48,214
EV,5714,JFK,IAD,53,228
DL,951,JFK,ATL,127,760
DL,87,JFK,LAX,371,2475
WN,3414,LGA,MKE,130,738
B6,155,JFK,MCO,154,944
B6,699,JFK,SJU,191,1598
US,1491,LGA,CLT,93,544
B6,130,JFK,BUF,58,301
DL,1456,LGA,BUF,50,292
DL,2159,JFK,MCO,151,944
UA,1269,EWR,PBI,151,1023
AA,2075,EWR,DFW,230,1372
DL,1629,JFK,LAS,336,2248
EV,3807,EWR,BNA,143,748
AA,21,JFK,LAX,333,2475
AA,353,LGA,ORD,123,733
DL,884,LGA,DEN,238,1620
UA,1059,EWR,SFO,344,2565
EV,4092,EWR,DAY,102,533
DL,2391,JFK,TPA,157,1005
B6,171,JFK,SMF,328,2521
B6,87,JFK,SLC,272,1990
UA,1128,LGA,IAH,230,1416
9E,3359,JFK,ORD,143,740
UA,927,EWR,PHX,311,2133
DL,1715,LGA,MSY,197,1183
DL,541,JFK,PHX,312,2153
MQ,4569,LGA,RDU,80,431
EV,4543,EWR,DSM,180,1017
MQ,4517,LGA,CRW,81,444
DL,1485,LGA,MCO,153,950
DL,1967,JFK,MIA,158,1089
EV,5742,LGA,IAD,47,229
AA,791,LGA,DFW,221,1389
DL,1435,LGA,TPA,155,1010
B6,39,JFK,PBI,149,1028
9E,3401,JFK,SAT,NA,1587
DL,6,JFK,SLC,256,1990
DL,2370,LGA,PBI,154,1035
B6,527,EWR,MCO,150,937
MQ,3783,JFK,CMH,80,483
DL,1433,LGA,RSW,178,1080
EV,4153,EWR,CLT,97,529
DL,853,JFK,SFO,341,2586
UA,762,EWR,BOS,39,200
AA,1787,JFK,TPA,160,1005
EV,4085,EWR,OMA,208,1134
EV,4131,EWR,RIC,54,277
9E,3899,JFK,CLE,91,425
UA,1416,EWR,SEA,321,2402
UA,1444,EWR,TPA,158,997
EV,4326,EWR,PWM,48,284
9E,3352,JFK,CVG,116,589
9E,3361,JFK,JAX,128,828
9E,3798,JFK,CLT,93,541
B6,381,LGA,FLL,165,1076
UA,1221,EWR,IAH,209,1400
B6,711,JFK,LAS,300,2248
9E,4033,LGA,TYS,121,647
AA,359,LGA,ORD,130,733
9E,3420,JFK,RDU,82,427
DL,1147,LGA,ATL,125,762
VX,415,JFK,LAX,335,2475
DL,2131,LGA,DTW,81,502
EV,4333,EWR,TUL,250,1215
B6,645,JFK,SFO,320,2586
UA,695,LGA,ORD,137,733
9E,3664,JFK,PHL,30,94
AA,1709,LGA,MIA,155,1096
UA,1680,EWR,MIA,164,1085
MQ,4410,JFK,DCA,49,213
DL,1854,LGA,FLL,152,1076
EV,4312,EWR,DCA,48,199
WN,540,EWR,MDW,122,711
MQ,4662,LGA,ATL,124,762
UA,1244,EWR,CLE,74,404
AA,1762,JFK,BOS,42,187
FL,354,LGA,CAK,69,397
B6,165,JFK,PDX,325,2454
B6,115,JFK,MSY,198,1182
MQ,4555,LGA,CMH,83,479
UA,1482,EWR,DFW,221,1372
9E,3409,JFK,PIT,70,340
B6,47,JFK,FLL,160,1069
DL,1447,JFK,ATL,127,760
EV,4224,EWR,MKE,131,725
DL,1318,JFK,FLL,158,1069
B6,1069,JFK,AUS,259,1521
UA,1615,EWR,AUS,252,1504
B6,629,JFK,HOU,244,1428
9E,3364,JFK,MSY,202,1182
MQ,4423,JFK,RDU,85,427
UA,926,EWR,MCO,151,937
9E,3357,JFK,DCA,42,213
UA,1595,EWR,LAX,345,2454
EV,4695,EWR,MHT,38,209
UA,1071,EWR,BQN,190,1585
EV,4462,EWR,BUF,53,282
AA,371,LGA,ORD,126,733
B6,619,JFK,JAX,139,828
B6,147,JFK,RSW,NA,1074
EV,4581,EWR,CMH,103,463
EV,5114,LGA,BHM,143,866
EV,4361,EWR,TYS,116,631
B6,677,JFK,LAX,316,2475
MQ,4573,LGA,DTW,85,502
MQ,3744,EWR,ORD,128,719
EV,3274,EWR,RDU,78,416
EV,4532,EWR,CHS,105,628
UA,299,EWR,SFO,316,2565
B6,227,EWR,MCO,146,937
B6,399,LGA,MCO,148,950
WN,946,LGA,MDW,131,725
UA,437,EWR,PBI,149,1023
DL,2363,JFK,LAX,367,2475
MQ,4584,LGA,CLT,92,544
MQ,4507,LGA,RDU,79,431
UA,834,EWR,IAH,223,1400
UA,1422,EWR,FLL,156,1065
UA,1241,EWR,TPA,162,997
EV,4371,EWR,IAD,47,212
UA,1108,EWR,BOS,41,200
DL,1627,JFK,LAS,304,2248
EV,4088,EWR,SDF,132,642
EV,4125,EWR,GRR,113,605
B6,529,EWR,MCO,146,937
MQ,4660,LGA,BNA,135,764
9E,3320,JFK,BUF,63,301
B6,97,JFK,DEN,240,1626
EV,4119,EWR,RIC,50,277
UA,1575,EWR,SJU,190,1608
EV,4404,EWR,PVD,29,160
B6,21,JFK,TPA,162,1005
B6,383,LGA,FLL,158,1076
B6,199,JFK,LAS,307,2248
UA,488,LGA,DEN,228,1620
AA,185,JFK,LAX,340,2475
B6,701,JFK,SJU,194,1598
B6,104,JFK,BUF,63,301
B6,35,JFK,PBI,151,1028
B6,515,EWR,FLL,153,1065
DL,2139,LGA,MIA,159,1096
UA,1299,EWR,RSW,NA,1068
EV,4170,EWR,ALB,30,143
9E,4091,JFK,BWI,39,184
B6,1109,JFK,RDU,83,427
B6,11,JFK,FLL,159,1069
DL,942,LGA,PWM,46,269
EV,4204,EWR,OKC,286,1325
B6,713,JFK,SJU,191,1598
B6,608,JFK,PWM,45,273
B6,30,JFK,ROC,53,264
EV,4206,EWR,PWM,47,284
EV,4276,EWR,BDL,25,116
DL,1247,LGA,ATL,124,762
B6,112,JFK,BUF,59,301
EV,4485,EWR,BWI,37,169
MQ,4449,JFK,DCA,50,213
EV,4257,EWR,BTV,47,266
B6,43,JFK,MCO,140,944
B6,128,JFK,BTV,55,266
B6,739,JFK,PSE,195,1617
B6,727,JFK,BQN,180,1576
EV,4352,EWR,CVG,NA,569
EV,4406,EWR,PIT,NA,319
EV,4434,EWR,MHT,NA,209
EV,4935,EWR,ATL,NA,746
EV,3849,EWR,IND,NA,645
AA,133,JFK,LAX,NA,2475
AA,753,LGA,DFW,NA,1389
UA,623,EWR,ORD,NA,719
B6,707,JFK,SJU,193,1598
B6,104,JFK,BUF,58,301
B6,727,JFK,BQN,186,1576
US,1030,EWR,CLT,94,529
UA,1018,EWR,IAH,238,1400
UA,1136,LGA,IAH,241,1416
AA,1141,JFK,MIA,158,1089
B6,725,JFK,BQN,191,1576
B6,79,JFK,MCO,152,944
DL,731,LGA,DTW,99,502
EV,5716,JFK,IAD,57,228
B6,125,JFK,FLL,164,1069
MQ,4650,LGA,ATL,128,762
MQ,3768,EWR,ORD,128,719
EV,4201,EWR,IAD,56,212
B6,343,EWR,PBI,153,1023
B6,371,LGA,FLL,163,1076
DL,461,LGA,ATL,128,762
MQ,4401,LGA,DTW,100,502
US,1833,LGA,PHL,31,96
EV,4708,EWR,MKE,124,725
B6,49,JFK,PBI,149,1028
B6,71,JFK,TPA,172,1005
DL,1318,EWR,DTW,99,488
EV,5694,LGA,IAD,52,229
FL,345,LGA,ATL,135,762
AA,301,LGA,ORD,132,733
UA,328,EWR,CLE,64,404
WN,959,LGA,MDW,129,725
WN,1036,EWR,BWI,39,169
UA,303,JFK,SFO,324,2586
AA,1895,EWR,MIA,159,1085
AA,1837,LGA,MIA,167,1096
B6,135,JFK,RSW,188,1074
EV,4941,EWR,MSP,144,1008
DL,575,EWR,ATL,135,746
DL,2057,JFK,ATL,135,760
MQ,4518,LGA,RDU,83,431
US,1567,JFK,CLT,98,541
DL,1919,LGA,MSP,149,1020
UA,1570,JFK,LAX,335,2475
B6,709,JFK,SJU,190,1598
AA,413,JFK,SJU,202,1598
UA,991,EWR,PBI,162,1023
AA,707,LGA,DFW,242,1389
B6,507,EWR,FLL,160,1065
DL,2006,LGA,MSY,206,1183
US,1019,EWR,CLT,99,529
UA,849,EWR,PHX,292,2133
US,27,JFK,PHX,292,2153
EV,3849,EWR,CLT,98,529
UA,772,EWR,MIA,174,1085
US,1433,LGA,CLT,103,544
EV,4424,EWR,RDU,85,416
UA,1483,EWR,BOS,35,200
MQ,4576,LGA,CLT,98,544
EV,4560,EWR,PIT,68,319
US,245,EWR,PHX,333,2133
WN,4646,LGA,BWI,43,185
UA,910,EWR,AUS,264,1504
AA,711,LGA,DFW,248,1389
UA,1528,EWR,SFO,331,2565
EV,4419,EWR,IND,129,645
UA,468,LGA,IAH,229,1416
EV,3839,EWR,BNA,154,748
B6,1002,JFK,BOS,37,187
EV,5259,LGA,BUF,56,292
EV,4122,EWR,SDF,138,642
B6,102,JFK,BUF,60,301
US,926,EWR,CLT,97,529
B6,389,LGA,MCO,154,950
UA,338,LGA,DEN,217,1620
DL,1415,JFK,SLC,272,1990
DL,1865,JFK,SFO,339,2586
DL,2285,LGA,MCO,158,950
UA,1555,EWR,LAS,284,2227
DL,1547,LGA,ATL,129,762
DL,2003,LGA,MIA,168,1096
US,2163,LGA,DCA,46,214
DL,763,JFK,LAX,319,2475
EV,4583,EWR,MSY,212,1167
AA,1815,JFK,MCO,158,944
B6,981,JFK,FLL,165,1069
B6,203,JFK,LAS,294,2248
DL,1879,LGA,FLL,164,1076
VX,399,JFK,LAX,316,2475
UA,1162,EWR,ORD,126,719
EV,4246,EWR,DTW,95,488
B6,671,JFK,LAX,313,2475
UA,1455,EWR,SNA,326,2434
UA,510,EWR,DEN,219,1605
MQ,4534,LGA,XNA,213,1147
B6,117,JFK,MSY,204,1182
UA,1701,EWR,FLL,167,1065
WN,20,EWR,HOU,246,1411
UA,604,EWR,LAX,307,2454
UA,1524,EWR,MCO,158,937
B6,715,JFK,SJU,190,1598
UA,550,LGA,ORD,134,733
AA,443,JFK,MIA,169,1089
AA,825,JFK,FLL,171,1069
FL,850,LGA,MKE,123,738
EV,4559,EWR,CVG,122,569
UA,1526,EWR,RSW,166,1068
DL,831,LGA,DTW,92,502
UA,799,JFK,SFO,336,2586
B6,987,JFK,MCO,156,944
MQ,3737,EWR,ORD,134,719
UA,1724,EWR,PBI,147,1023
AS,11,EWR,SEA,325,2402
B6,1601,LGA,RSW,184,1080
AA,2083,EWR,DFW,226,1372
VX,11,JFK,SFO,333,2586
B6,20,JFK,ROC,59,264
DL,807,EWR,ATL,132,746
AA,33,JFK,LAX,313,2475
UA,1091,EWR,IAH,230,1400
B6,44,JFK,SYR,49,209
DL,1889,JFK,SEA,332,2422
UA,482,LGA,IAH,246,1416
EV,4106,EWR,ATL,133,746
UA,759,EWR,TPA,158,997
AA,59,JFK,SFO,336,2586
B6,643,JFK,SFO,327,2586
B6,983,LGA,TPA,173,1010
UA,549,EWR,ORD,129,719
9E,3611,JFK,PIT,95,340
9E,4023,EWR,CVG,113,569
DL,2119,LGA,MSP,149,1020
DL,2047,LGA,ATL,127,762
EV,4214,EWR,MSP,159,1008
B6,517,EWR,MCO,158,937
UA,1481,EWR,SJU,194,1608
DL,2143,JFK,MIA,163,1089
WN,733,LGA,DEN,233,1620
UA,397,JFK,SFO,337,2586
UA,505,EWR,DFW,223,1372
9E,3538,JFK,MSP,164,1029
B6,3,JFK,FLL,165,1069
DL,1271,JFK,FLL,172,1069
WN,900,EWR,PHX,326,2133
US,1733,LGA,CLT,103,544
EV,4294,EWR,OMA,192,1134
MQ,4406,JFK,RDU,79,427
UA,429,LGA,DEN,219,1620
B6,341,JFK,SRQ,179,1041
FL,346,LGA,ATL,134,762
B6,1172,EWR,BOS,36,200
AA,1838,JFK,BOS,34,187
AA,655,JFK,STT,211,1623
DL,1959,JFK,MCO,157,944
DL,1167,JFK,TPA,175,1005
B6,1051,JFK,PIT,77,340
DL,1109,LGA,TPA,183,1010
DL,269,JFK,ATL,134,760
DL,1429,JFK,LAS,293,2248
MQ,4490,LGA,CMH,96,479
US,675,EWR,CLT,99,529
9E,3521,JFK,ORD,123,740
DL,914,LGA,DEN,222,1620
EV,4457,EWR,MHT,37,209
MQ,4655,LGA,BNA,149,764
MQ,4418,JFK,DCA,57,213
US,487,JFK,CLT,102,541
EV,4537,EWR,MEM,187,946
9E,4220,JFK,RDU,91,427
EV,3815,EWR,GSO,91,445
UA,871,JFK,LAX,321,2475
B6,905,JFK,ORD,133,740
DL,2395,LGA,PBI,168,1035
UA,341,EWR,FLL,189,1065
DL,301,JFK,SJU,196,1598
UA,457,EWR,MCO,158,937
EV,4388,EWR,JAX,151,820
EV,4690,EWR,GRR,116,605
EV,4412,EWR,MYR,100,550
MQ,4610,LGA,ATL,129,762
EV,4548,EWR,RDU,83,416
F9,835,LGA,DEN,219,1620
WN,1170,EWR,MDW,118,711
EV,4409,EWR,RIC,61,277
9E,3405,JFK,DCA,43,213
9E,3422,JFK,BOS,33,187
B6,611,JFK,JAX,140,828
B6,181,JFK,SAN,316,2446
UA,1517,EWR,SFO,324,2565
UA,1268,EWR,BOS,39,200
B6,553,EWR,RSW,168,1068
MQ,4558,LGA,CLE,81,419
B6,717,JFK,SJU,195,1598
UA,1626,EWR,SAN,306,2425
B6,59,JFK,TPA,165,1005
EV,4125,EWR,XNA,196,1131
EV,4164,EWR,DTW,107,488
EV,4250,EWR,IND,126,645
EV,4406,EWR,PWM,50,284
AA,2279,LGA,MIA,167,1096
DL,667,EWR,DTW,94,488
9E,3353,JFK,DTW,97,509
DL,1747,LGA,ATL,131,762
US,1429,LGA,CLT,99,544
AA,303,LGA,ORD,133,733
EV,4364,EWR,MCI,190,1092
AA,1,JFK,LAX,323,2475
DL,120,JFK,LAX,327,2475
EV,4334,EWR,CVG,108,569
EV,4691,EWR,DAY,106,533
DL,485,EWR,ATL,130,746
DL,1885,LGA,MCO,157,950
MQ,4478,LGA,DTW,105,502
VX,407,JFK,LAX,322,2475
UA,1643,EWR,DEN,219,1605
9E,4051,JFK,BWI,41,184
AA,647,JFK,MIA,160,1089
UA,1718,EWR,IAH,238,1400
UA,430,EWR,TPA,154,997
B6,17,JFK,FLL,168,1069
B6,1305,JFK,IAD,52,228
UA,548,EWR,ORD,128,719
UA,565,EWR,LAS,271,2227
UA,589,LGA,ORD,129,733
DL,181,LGA,DTW,98,502
DL,2379,LGA,FLL,177,1076
B6,1061,JFK,AUS,266,1521
AA,305,LGA,ORD,138,733
B6,41,JFK,MCO,153,944
UA,1519,EWR,STT,212,1634
B6,56,JFK,BTV,45,266
UA,634,EWR,PBI,173,1023
UA,76,LGA,IAH,244,1416
AA,715,LGA,DFW,247,1389
B6,1004,JFK,BOS,29,187
UA,1529,EWR,CLE,73,404
HA,51,JFK,HNL,616,4983
AA,1589,EWR,DFW,223,1372
B6,219,JFK,CLT,98,541
B6,1103,JFK,RDU,87,427
EV,4140,EWR,ATL,129,746
B6,375,LGA,FLL,167,1076
WN,766,EWR,DEN,227,1605
B6,215,EWR,SJU,200,1608
VX,251,JFK,LAS,296,2248
MQ,4582,LGA,CLT,97,544
EV,4234,EWR,STL,159,872
EV,4636,EWR,DCA,40,199
B6,4,JFK,BUF,59,301
WN,986,LGA,MDW,123,725
AA,1357,JFK,SJU,205,1598
UA,1223,EWR,LAX,306,2454
AA,2267,LGA,MIA,165,1096
B6,679,JFK,LAX,297,2475
B6,57,JFK,PBI,167,1028
AA,309,LGA,ORD,128,733
B6,361,LGA,PBI,164,1035
WN,1807,LGA,MKE,115,738
B6,503,EWR,FLL,155,1065
EV,5711,JFK,IAD,56,228
9E,3961,LGA,GRR,104,618
9E,3667,JFK,PHL,27,94
MQ,4521,LGA,RDU,84,431
EV,5736,LGA,IAD,49,229
MQ,4670,LGA,BNA,132,764
MQ,4654,LGA,ATL,133,762
UA,258,LGA,ORD,124,733
US,196,JFK,PHX,293,2153
DL,1765,JFK,SFO,347,2586
UA,1597,EWR,EGE,244,1726
US,75,EWR,PHX,301,2133
UA,1623,EWR,MCO,148,937
DL,1847,LGA,ATL,134,762
UA,789,EWR,FLL,178,1065
DL,1529,JFK,LAS,288,2248
US,1177,LGA,CLT,103,544
UA,499,EWR,SEA,317,2402
AA,1855,LGA,STL,144,888
B6,600,JFK,PWM,45,273
MQ,3795,EWR,ORD,118,719
US,1441,JFK,CLT,96,541
UA,651,LGA,IAH,241,1416
AA,313,LGA,ORD,125,733
AA,319,LGA,ORD,123,733
DL,1903,LGA,SRQ,170,1047
US,1103,EWR,CLT,92,529
9E,3661,JFK,ROC,60,264
AA,1871,LGA,MIA,156,1096
FL,347,LGA,ATL,136,762
EV,5026,EWR,DTW,86,488
AA,19,JFK,LAX,322,2475
MQ,4471,LGA,RDU,82,431
EV,4255,EWR,CHS,NA,628
AA,179,JFK,SFO,326,2586
VX,23,JFK,SFO,335,2586
DL,2343,EWR,ATL,131,746
DL,2319,LGA,MSP,148,1020
B6,31,JFK,MCO,157,944
EV,4694,EWR,MKE,116,725
DL,1573,LGA,MEM,164,963
MQ,4589,LGA,DTW,90,502
B6,373,LGA,FLL,171,1076
EV,4411,EWR,BUF,58,282
EV,4662,EWR,RDU,81,416
UA,583,EWR,IAH,230,1400
UA,212,EWR,RSW,165,1068
UA,40,EWR,LAS,284,2227
B6,545,EWR,PBI,157,1023
DL,1647,LGA,ATL,129,762
US,2124,LGA,BOS,33,184
DL,1275,JFK,SLC,269,1990
MQ,3792,JFK,DCA,51,213
UA,1298,EWR,SFO,326,2565
UA,642,JFK,SFO,342,2586
US,2171,LGA,DCA,50,214
B6,641,JFK,SFO,327,2586
WN,321,LGA,BWI,40,185
MQ,4485,LGA,CMH,94,479
AA,2099,LGA,MIA,170,1096
AA,739,LGA,DFW,226,1389
UA,1143,EWR,PBI,149,1023
EV,4391,EWR,MCI,188,1092
UA,1235,LGA,DEN,225,1620
DL,315,JFK,SJU,189,1598
VX,409,JFK,LAX,320,2475
DL,695,JFK,MCO,153,944
UA,1250,EWR,MCO,163,937
UA,1277,EWR,DEN,219,1605
US,1085,LGA,CLT,105,544
UA,703,JFK,LAX,305,2475
B6,133,JFK,RSW,187,1074
DL,1031,LGA,DTW,85,502
MQ,4553,LGA,CLE,79,419
WN,1057,LGA,STL,148,888
DL,2219,LGA,MSP,151,1020
DL,2044,LGA,MIA,171,1096
AA,1623,EWR,MIA,164,1085
DL,1174,LGA,PBI,156,1035
B6,24,JFK,BTV,49,266
DL,1875,LGA,TPA,161,1010
MQ,4646,LGA,MSP,151,1020
9E,3483,JFK,BOS,35,187
DL,401,EWR,ATL,126,746
UA,1707,EWR,TPA,164,997
FL,353,LGA,CAK,73,397
AA,3,JFK,LAX,325,2475
B6,1174,EWR,BOS,36,200
EV,4090,EWR,JAX,139,820
VX,25,JFK,SFO,333,2586
MQ,4425,JFK,DCA,63,213
MQ,4658,LGA,ATL,133,762
UA,1105,EWR,IAH,234,1400
B6,523,EWR,MCO,157,937
B6,625,JFK,HOU,248,1428
MQ,4601,LGA,BNA,131,764
DL,930,LGA,FLL,175,1076
WN,794,EWR,STL,155,872
MQ,4431,LGA,RDU,87,431
B6,1,JFK,FLL,171,1069
US,1443,JFK,CLT,96,541
EV,4301,EWR,RDU,77,416
AA,743,LGA,DFW,230,1389
EV,4087,EWR,PWM,48,284
B6,673,JFK,LAX,308,2475
MQ,3697,EWR,ORD,124,719
DL,1947,LGA,ATL,126,762
UA,1227,EWR,PHX,293,2133
WN,133,EWR,MDW,115,711
UA,1668,EWR,SJU,191,1608
EV,4347,EWR,BTV,45,266
B6,66,JFK,BUF,68,301
EV,4135,EWR,CLT,97,529
DL,2174,JFK,SLC,260,1990
MQ,4404,JFK,RDU,88,427
DL,863,JFK,LAX,324,2475
WN,831,EWR,BWI,35,169
AA,2041,JFK,MIA,164,1089
AA,1853,EWR,DFW,239,1372
WN,564,LGA,MKE,114,738
AA,1850,JFK,BOS,35,187
DL,1131,LGA,DTW,90,502
DL,1685,LGA,MCO,153,950
AA,2253,LGA,MIA,163,1096
UA,428,LGA,IAH,221,1416
EV,4893,EWR,DTW,91,488
9E,3638,JFK,PHL,27,94
MQ,4426,LGA,CMH,99,479
9E,3762,EWR,CVG,111,569
AA,329,LGA,ORD,119,733
UA,1219,EWR,DFW,225,1372
EV,4158,EWR,RIC,58,277
B6,1006,JFK,BOS,35,187
EV,4950,EWR,ATL,129,746
B6,991,JFK,PBI,162,1028
EV,4450,EWR,CMH,102,463
B6,32,JFK,ROC,62,264
WN,1251,LGA,DEN,229,1620
UA,1673,EWR,MCO,162,937
FL,348,LGA,ATL,129,762
WN,2596,EWR,HOU,238,1411
UA,1205,EWR,ORD,116,719
MQ,4564,LGA,DTW,94,502
UA,1140,EWR,BOS,35,200
US,1459,LGA,CLT,93,544
EV,4129,EWR,DCA,42,199
UA,1186,EWR,MIA,170,1085
B6,27,JFK,TPA,177,1005
DL,781,LGA,ATL,126,762
US,1615,EWR,CLT,89,529
EV,4640,EWR,DAY,101,533
B6,393,LGA,MCO,151,950
B6,209,JFK,LGB,311,2465
EV,3826,EWR,ATL,131,746
EV,4368,EWR,BDL,25,116
MQ,4475,LGA,RDU,81,431
EV,4628,EWR,STL,160,872
EV,5273,LGA,PIT,66,335
EV,3840,EWR,MEM,176,946
VX,411,JFK,LAX,320,2475
UA,1110,EWR,LAX,309,2454
WN,654,EWR,PHX,298,2133
AA,745,LGA,DFW,235,1389
AA,753,LGA,DFW,232,1389
B6,505,EWR,FLL,165,1065
B6,355,JFK,BUR,310,2465
B6,525,EWR,MCO,159,937
EV,4231,EWR,IAD,47,212
AA,117,JFK,LAX,331,2475
B6,431,LGA,SRQ,179,1047
US,688,EWR,PHX,304,2133
DL,1705,LGA,MSY,NA,1183
UA,1249,EWR,IAH,201,1400
WN,2162,LGA,MDW,118,725
B6,602,JFK,PWM,45,273
EV,5712,JFK,IAD,45,228
AA,1073,LGA,MIA,168,1096
B6,705,JFK,SJU,200,1598
MQ,4577,LGA,CLT,92,544
B6,1783,JFK,MCO,160,944
EV,4280,EWR,BWI,36,169
DL,2247,LGA,ATL,126,762
B6,83,JFK,SEA,323,2422
FL,349,LGA,ATL,131,762
EV,4120,EWR,BUF,56,282
UA,1164,EWR,FLL,166,1065
DL,935,EWR,ATL,125,746
EV,4171,EWR,MSN,127,799
UA,980,EWR,ORD,121,719
MQ,3728,EWR,ORD,116,719
UA,424,EWR,PBI,163,1023
EV,4370,EWR,CHS,106,628
B6,1010,JFK,BOS,37,187
UA,15,EWR,HNL,628,4963
MQ,4491,LGA,CLE,79,419
EV,4687,EWR,CVG,115,569
UA,257,JFK,SFO,326,2586
UA,1618,EWR,TPA,157,997
MQ,4588,LGA,MSP,148,1020
YV,3750,LGA,IAD,47,229
AA,883,EWR,DFW,232,1372
DL,1902,LGA,PBI,158,1035
DL,1344,LGA,MCI,165,1107
B6,347,JFK,SRQ,182,1041
DL,1819,LGA,MSP,147,1020
B6,1161,LGA,PBI,161,1035
EV,4596,EWR,STL,151,872
US,1445,LGA,CLT,90,544
B6,615,JFK,JAX,143,828
UA,1246,EWR,MIA,166,1085
EV,4181,EWR,MCI,177,1092
EV,4434,EWR,MHT,40,209
MQ,4669,LGA,ATL,130,762
MQ,4172,JFK,CLE,86,425
UA,407,EWR,DEN,212,1605
9E,3303,EWR,MSP,142,1008
9E,3452,JFK,BOS,41,187
MQ,4403,JFK,RDU,87,427
UA,223,EWR,BOS,43,200
US,2132,LGA,BOS,35,184
EV,4372,EWR,DCA,45,199
US,2179,LGA,DCA,47,214
AA,1769,JFK,MIA,162,1089
DL,1231,LGA,DTW,85,502
B6,1053,JFK,PIT,72,340
DL,2126,JFK,SFO,328,2586
UA,1175,EWR,RSW,166,1068
AA,337,LGA,ORD,119,733
DL,963,JFK,LAX,321,2475
MQ,4429,LGA,CMH,100,479
UA,473,EWR,FLL,179,1065
EV,4326,EWR,CLT,100,529
B6,377,LGA,FLL,166,1076
UA,477,LGA,IAH,227,1416
EV,4571,EWR,PWM,48,284
B6,8,JFK,BUF,65,301
US,720,EWR,CLT,99,529
9E,4357,JFK,ORF,58,290
EV,4113,EWR,IAD,47,212
DL,2347,LGA,ATL,127,762
UA,1054,EWR,SFO,326,2565
9E,3318,JFK,BUF,67,301
DL,2079,LGA,FLL,168,1076
MQ,4447,LGA,RDU,87,431
B6,61,JFK,FLL,174,1069
UA,551,EWR,SFO,320,2565
UA,745,LGA,DEN,208,1620
UA,471,EWR,AUS,248,1504
EV,3817,EWR,JAX,140,820
MQ,4333,JFK,PIT,73,340
UA,685,LGA,ORD,115,733
B6,141,JFK,PBI,162,1028
AA,1813,JFK,MCO,153,944
MQ,4309,JFK,IND,117,665
UA,235,EWR,ORD,116,719
9E,3393,JFK,DCA,49,213
DL,2115,LGA,MIA,181,1096
AA,759,LGA,DFW,239,1389
MQ,4579,LGA,CLT,97,544
MQ,4146,JFK,CMH,93,483
EV,3835,EWR,BNA,135,748
B6,63,JFK,TPA,173,1005
WN,2081,LGA,MKE,114,738
UA,315,EWR,MCO,153,937
EV,4581,EWR,MKE,117,725
B6,537,EWR,TPA,167,997
AA,2223,LGA,STL,153,888
UA,1452,EWR,LAX,303,2454
MQ,4525,LGA,XNA,188,1147
EV,4576,EWR,GRR,95,605
US,1665,LGA,CLT,97,544
EV,4381,EWR,DTW,89,488
AA,1039,JFK,FLL,172,1069
WN,680,EWR,MDW,114,711
UA,1624,EWR,FLL,162,1065
B6,153,JFK,MCO,152,944
AA,1925,LGA,MIA,165,1096
9E,3719,LGA,RIC,59,292
B6,137,JFK,RSW,174,1074
UA,53,EWR,IAH,217,1400
EV,3267,EWR,ORF,57,284
9E,3523,JFK,ORD,125,740
DL,1942,EWR,ATL,126,746
9E,4178,JFK,ROC,56,264
AA,133,JFK,LAX,319,2475
B6,917,JFK,ORD,128,740
9E,3635,JFK,BWI,39,184
UA,161,JFK,LAX,323,2475
B6,703,JFK,SJU,200,1598
EV,4572,EWR,GSP,110,594
UA,1138,LGA,CLE,76,419
9E,4105,JFK,IAD,51,228
B6,119,JFK,MSY,195,1182
9E,3427,JFK,IND,106,665
YV,3771,LGA,IAD,47,229
MQ,3985,JFK,CVG,117,589
B6,509,EWR,FLL,164,1065
AA,565,JFK,DFW,231,1391
DL,161,JFK,MIA,183,1089
DL,1771,JFK,DTW,91,509
UA,1580,EWR,BOS,41,200
EV,3820,EWR,SDF,124,642
9E,3355,JFK,MSP,149,1029
MQ,4415,LGA,RDU,83,431
DL,847,LGA,ATL,126,762
UA,256,EWR,ORD,119,719
DL,1331,JFK,DEN,219,1626
UA,1200,EWR,SAN,309,2425
UA,387,EWR,LAS,273,2227
DL,4,JFK,MCO,161,944
DL,95,JFK,ATL,129,760
FL,620,LGA,ATL,145,762
DL,91,JFK,LAS,282,2248
DL,1508,JFK,RSW,171,1074
WN,350,EWR,DEN,223,1605
EV,4352,EWR,CVG,118,569
AA,341,LGA,ORD,120,733
B6,157,JFK,MCO,155,944
B6,12,JFK,SYR,53,209
9E,3325,JFK,DFW,220,1391
DL,2377,LGA,MCO,155,950
B6,985,LGA,TPA,180,1010
MQ,3823,JFK,DCA,50,213
US,35,JFK,PHX,277,2153
EV,4141,EWR,MEM,168,946
DL,2043,JFK,ATL,140,760
MQ,4661,LGA,ATL,126,762
EV,4645,EWR,GSO,88,445
9E,3689,JFK,PHL,37,94
B6,675,JFK,LAX,301,2475
DL,1773,JFK,SLC,266,1990
DL,2231,LGA,DTW,82,502
UA,1078,EWR,SAT,261,1569
MQ,3695,EWR,ORD,115,719
DL,1695,LGA,TPA,177,1010
UA,559,EWR,MCO,151,937
US,656,EWR,PHX,263,2133
9E,3387,JFK,RDU,76,427
DL,1619,LGA,MSP,145,1020
WN,190,LGA,STL,141,888
EV,4092,EWR,DAY,95,533
EV,4997,EWR,DTW,88,488
9E,4027,EWR,CVG,113,569
UA,1638,EWR,CLE,67,404
B6,139,JFK,RSW,177,1074
AA,773,LGA,DFW,231,1389
AA,763,LGA,DFW,223,1389
AA,1790,JFK,BOS,40,187
MQ,4622,LGA,BNA,127,764
VX,27,JFK,SFO,333,2586
EV,4485,EWR,RDU,79,416
EV,4705,EWR,ATL,129,746
DL,706,JFK,AUS,246,1521
UA,733,EWR,LAS,273,2227
B6,185,JFK,SAN,311,2446
MQ,4323,JFK,ORF,52,290
DL,1473,LGA,MEM,158,963
EV,3805,EWR,SAV,127,708
B6,15,JFK,FLL,163,1069
DL,2042,EWR,ATL,127,746
WN,2773,EWR,STL,138,872
9E,3453,JFK,BOS,41,187
DL,31,JFK,SFO,336,2586
MQ,4540,LGA,DTW,87,502
DL,127,JFK,LAX,322,2475
UA,689,LGA,ORD,120,733
AA,257,JFK,LAS,297,2248
DL,329,JFK,SJU,190,1598
DL,1499,LGA,ATL,127,762
AA,1905,EWR,DFW,232,1372
WN,1066,EWR,HOU,233,1411
US,1447,LGA,CLT,95,544
B6,699,JFK,SJU,195,1598
AA,695,JFK,AUS,254,1521
MQ,4410,JFK,DCA,45,213
EV,4342,EWR,BWI,39,169
DL,1585,LGA,MCO,156,950
UA,531,EWR,BOS,39,200
UA,509,LGA,DEN,205,1620
AA,1467,LGA,MIA,170,1096
B6,143,JFK,PBI,155,1028
EV,4202,EWR,STL,145,872
UA,1259,LGA,IAH,224,1416
DL,503,JFK,SAN,309,2446
EV,4271,EWR,ALB,31,143
B6,163,JFK,TPA,165,1005
DL,1779,LGA,FLL,179,1076
FL,623,LGA,ATL,136,762
AA,181,JFK,LAX,319,2475
AA,1999,EWR,MIA,160,1085
VX,413,JFK,LAX,321,2475
US,449,EWR,CLT,90,529
AA,543,JFK,MIA,157,1089
UA,512,JFK,SFO,332,2586
EV,5486,LGA,PIT,65,335
B6,1176,EWR,BOS,46,200
EV,4480,EWR,PIT,62,319
UA,1418,EWR,SFO,312,2565
MQ,4479,LGA,RDU,86,431
AA,145,JFK,SAN,309,2446
UA,1134,EWR,IAH,209,1400
UA,1637,EWR,TPA,165,997
UA,630,EWR,ORD,111,719
EV,4299,EWR,DCA,42,199
B6,179,JFK,PHX,283,2153
DL,1185,EWR,SLC,242,1969
AA,345,LGA,ORD,114,733
AA,1351,JFK,ORD,135,740
MQ,4413,LGA,XNA,181,1147
UA,1109,EWR,MCO,153,937
DL,2331,LGA,DTW,81,502
B6,74,JFK,BTV,45,266
B6,547,EWR,PBI,153,1023
EV,4144,EWR,CVG,110,569
EV,4373,EWR,DCA,46,199
WN,1927,EWR,MDW,119,711
UA,535,JFK,LAX,320,2475
B6,391,LGA,MCO,157,950
UA,1721,EWR,LAX,303,2454
AA,785,LGA,DFW,224,1389
DL,1394,JFK,PDX,325,2454
UA,426,LGA,ORD,113,733
DL,1047,LGA,ATL,122,762
UA,1292,EWR,FLL,165,1065
EV,4300,EWR,RIC,54,277
AA,1635,JFK,SJU,193,1598
B6,989,JFK,FLL,168,1069
B6,1111,JFK,RDU,76,427
MQ,4626,LGA,CMH,80,479
EV,4321,EWR,MCI,169,1092
B6,1085,JFK,CLT,95,541
EV,4382,EWR,DTW,87,488
AA,1611,LGA,MIA,168,1096
WN,128,LGA,MDW,115,725
UA,1053,EWR,CLE,67,404
UA,738,EWR,SEA,323,2402
B6,217,JFK,LGB,293,2465
WN,731,LGA,BWI,42,185
UA,1269,EWR,PBI,153,1023
9E,4277,JFK,ORF,54,290
UA,812,EWR,LAS,281,2227
B6,1016,JFK,BOS,43,187
DL,2019,LGA,MSP,143,1020
US,373,JFK,CLT,93,541
B6,173,JFK,SJC,321,2569
UA,1454,EWR,PDX,320,2434
EV,5054,EWR,MSP,147,1008
UA,627,EWR,ORD,105,719
AS,7,EWR,SEA,327,2402
AA,119,EWR,LAX,310,2454
UA,1703,EWR,BOS,43,200
EV,5203,EWR,DTW,83,488
DL,926,EWR,ATL,122,746
MQ,4674,LGA,CLE,69,419
AA,85,JFK,SFO,328,2586
UA,1228,EWR,SAN,308,2425
US,1973,EWR,CLT,89,529
9E,3542,JFK,MSP,152,1029
UA,593,EWR,SNA,288,2434
UA,612,EWR,DEN,207,1605
WN,2582,EWR,BWI,41,169
B6,359,JFK,BUR,307,2465
UA,1030,EWR,LAX,313,2454
AA,269,JFK,SEA,340,2422
MQ,3730,EWR,ORD,110,719
EV,4207,EWR,MSP,152,1008
9E,3424,JFK,DTW,87,509
AA,575,JFK,EGE,239,1747
AA,2019,LGA,STL,137,888
B6,9,JFK,MCO,158,944
EV,4410,EWR,CAE,105,602
DL,2190,JFK,MIA,162,1089
B6,527,EWR,MCO,149,937
MQ,4649,LGA,MSP,141,1020
MQ,4484,LGA,BNA,148,764
AA,1613,JFK,SJU,189,1598
DL,951,JFK,ATL,129,760
MQ,4255,JFK,BNA,164,765
EV,4520,EWR,PWM,49,284
UA,45,EWR,DFW,219,1372
EV,5038,LGA,BHM,144,866
AA,177,JFK,SFO,314,2586
DL,2391,JFK,TPA,168,1005
FL,645,LGA,ATL,127,762
DL,1255,LGA,PIT,61,335
US,2187,LGA,DCA,46,214
US,1491,LGA,CLT,93,544
EV,5714,JFK,IAD,43,228
B6,171,JFK,SMF,313,2521
DL,947,LGA,ATL,127,762
WN,2944,LGA,MKE,114,738
DL,1465,JFK,SFO,329,2586
B6,711,JFK,LAS,295,2248
DL,87,JFK,LAX,348,2475
EV,4627,EWR,CLT,91,529
EV,4131,EWR,RIC,54,277
9E,3375,JFK,SAT,NA,1587
MQ,4569,LGA,RDU,85,431
AA,2075,EWR,DFW,212,1372
UA,643,EWR,SAN,300,2425
EV,4085,EWR,OMA,156,1134
AA,21,JFK,LAX,293,2475
B6,1307,JFK,IAD,52,228
DL,1729,JFK,LAS,333,2248
VX,29,JFK,SFO,326,2586
UA,272,JFK,SFO,333,2586
AA,359,LGA,ORD,115,733
EV,4670,EWR,BNA,134,748
DL,83,JFK,FLL,160,1069
UA,954,EWR,ORD,114,719
DL,1345,JFK,PHX,273,2153
DL,6,JFK,SLC,250,1990
DL,1485,LGA,MCO,153,950
9E,3828,JFK,PIT,69,340
DL,2139,LGA,MIA,177,1096
9E,4019,JFK,RIC,52,288
UA,1139,EWR,SFO,311,2565
DL,1435,LGA,TPA,163,1010
DL,1715,LGA,MSY,186,1183
EV,4532,EWR,CHS,NA,628
DL,1643,JFK,SEA,330,2422
AA,353,LGA,ORD,111,733
F9,511,LGA,DEN,208,1620
9E,3369,JFK,MSY,187,1182
9E,4127,JFK,IAD,49,228
UA,1022,EWR,IAH,215,1400
EV,4543,EWR,DSM,145,1017
9E,3373,JFK,RDU,76,427
9E,4091,JFK,BWI,35,184
EV,4304,EWR,CVG,105,569
UA,979,EWR,PHX,274,2133
UA,1723,EWR,SJU,197,1608
EV,4204,EWR,OKC,211,1325
DL,1854,LGA,FLL,165,1076
DL,2159,JFK,MCO,150,944
B6,155,JFK,MCO,145,944
B6,91,JFK,OAK,319,2576
MQ,4423,JFK,RDU,82,427
AA,1787,JFK,TPA,162,1005
MQ,3783,JFK,CMH,74,483
9E,3314,JFK,JAX,135,828
AA,1709,LGA,MIA,156,1096
B6,381,LGA,FLL,156,1076
B6,645,JFK,SFO,315,2586
DL,1147,LGA,ATL,120,762
UA,983,EWR,TPA,160,997
UA,1094,EWR,CLE,64,404
9E,3798,JFK,CLT,91,541
9E,3899,JFK,CLE,73,425
DL,402,JFK,BOS,38,187
MQ,3944,JFK,BWI,40,184
UA,1596,LGA,ORD,112,733
UA,1222,EWR,RSW,159,1068
EV,4224,EWR,MKE,112,725
DL,2370,LGA,PBI,151,1035
MQ,4517,LGA,CRW,79,444
B6,87,JFK,SLC,268,1990
DL,2027,JFK,FLL,158,1069
EV,4462,EWR,BUF,55,282
B6,369,LGA,PBI,151,1035
EV,4312,EWR,DCA,42,199
EV,4333,EWR,TUL,190,1215
9E,3525,JFK,ORD,110,740
AA,1762,JFK,BOS,39,187
MQ,4555,LGA,CMH,83,479
VX,415,JFK,LAX,309,2475
9E,4033,LGA,TYS,105,647
FL,354,LGA,CAK,65,397
DL,2131,LGA,DTW,82,502
UA,771,JFK,LAX,309,2475
EV,3822,EWR,TYS,109,631
B6,165,JFK,PDX,330,2454
MQ,4662,LGA,ATL,119,762
9E,3609,JFK,PHL,28,94
EV,4309,EWR,ALB,37,143
EV,4108,EWR,IAD,42,212
EV,4227,EWR,GRR,101,605
UA,1225,EWR,PBI,154,1023
UA,1243,EWR,BOS,44,200
AA,791,LGA,DFW,221,1389
B6,115,JFK,MSY,190,1182
B6,47,JFK,FLL,161,1069
EV,4348,EWR,MSP,144,1008
EV,4133,EWR,GSP,104,594
UA,1417,EWR,FLL,162,1065
UA,891,LGA,IAH,221,1416
UA,305,EWR,MIA,155,1085
AA,371,LGA,ORD,115,733
B6,1020,JFK,BOS,37,187
B6,619,JFK,JAX,130,828
UA,1601,EWR,IAH,212,1400
B6,39,JFK,PBI,147,1028
WN,195,EWR,MDW,111,711
MQ,4573,LGA,DTW,84,502
UA,1692,EWR,MCO,144,937
MQ,3744,EWR,ORD,106,719
9E,3459,JFK,BNA,125,765
B6,227,EWR,MCO,148,937
B6,1069,JFK,AUS,255,1521
WN,946,LGA,MDW,109,725
EV,5676,EWR,GSO,74,445
EV,3274,LGA,CLE,69,419
EV,4695,EWR,MHT,39,209
B6,677,JFK,LAX,301,2475
EV,3819,EWR,SDF,116,642
EV,4119,EWR,RIC,52,277
UA,299,EWR,DFW,209,1372
MQ,4507,LGA,RDU,74,431
MQ,4584,LGA,CLT,87,544
B6,147,JFK,RSW,167,1074
9E,3320,JFK,BUF,59,301
B6,399,LGA,MCO,145,950
B6,629,JFK,HOU,229,1428
B6,130,JFK,BUF,61,301
DL,2363,JFK,LAX,347,2475
EV,5693,LGA,IAD,42,229
MQ,4449,JFK,DCA,54,213
EV,3833,EWR,PHL,30,80
UA,1071,EWR,BQN,190,1585
B6,529,EWR,MCO,142,937
B6,199,JFK,LAS,274,2248
UA,528,EWR,BOS,43,200
EV,4313,EWR,PVD,33,160
B6,383,LGA,FLL,155,1076
AA,185,JFK,LAX,299,2475
B6,21,JFK,TPA,156,1005
B6,515,EWR,FLL,157,1065
B6,701,JFK,SJU,196,1598
B6,97,JFK,DEN,212,1626
B6,43,JFK,MCO,148,944
EV,4257,EWR,BTV,48,266
B6,11,JFK,FLL,157,1069
EV,4322,EWR,PWM,50,284
EV,4162,EWR,BWI,35,169
MQ,4660,LGA,BNA,126,764
9E,3395,JFK,DCA,43,213
B6,35,JFK,PBI,146,1028
B6,713,JFK,SJU,192,1598
DL,2155,LGA,PWM,45,269
B6,128,JFK,BTV,46,266
B6,1109,JFK,RDU,80,427
9E,3439,JFK,CVG,90,589
B6,608,JFK,PWM,47,273
B6,22,JFK,SYR,42,209
B6,30,JFK,ROC,57,264
B6,112,JFK,BUF,54,301
B6,1018,JFK,BOS,38,187
B6,739,JFK,PSE,199,1617
EV,4241,EWR,DCA,NA,199
AA,321,LGA,ORD,NA,733
AA,327,LGA,ORD,NA,733
AA,717,LGA,DFW,NA,1389
AA,721,LGA,DFW,NA,1389
AA,731,LGA,DFW,NA,1389
AA,1757,LGA,STL,NA,888
MQ,4599,LGA,MSP,NA,1020
UA,714,EWR,MIA,NA,1085
UA,719,EWR,DFW,NA,1372
B6,707,JFK,SJU,194,1598
B6,608,JFK,PWM,44,273
US,1030,EWR,CLT,77,529
UA,1018,EWR,IAH,217,1400
UA,404,LGA,IAH,224,1416
AA,1141,JFK,MIA,159,1089
B6,343,EWR,PBI,142,1023
DL,731,LGA,DTW,82,502
B6,49,JFK,PBI,145,1028
DL,461,LGA,ATL,116,762
B6,71,JFK,TPA,152,1005
EV,4911,EWR,DTW,89,488
B6,507,EWR,FLL,151,1065
EV,5716,JFK,IAD,51,228
B6,125,JFK,FLL,154,1069
MQ,4650,LGA,ATL,118,762
US,1833,LGA,PHL,31,96
EV,4708,EWR,MKE,112,725
B6,79,JFK,MCO,141,944
UA,303,JFK,SFO,334,2586
WN,1036,EWR,BWI,34,169
MQ,4401,LGA,DTW,89,502
FL,345,LGA,ATL,119,762
MQ,3768,EWR,ORD,120,719
WN,959,LGA,MDW,114,725
EV,6055,LGA,IAD,49,229
AA,707,LGA,DFW,214,1389
UA,370,EWR,BOS,42,200
UA,654,EWR,CLE,69,404
EV,4941,EWR,MSP,154,1008
AA,1895,EWR,MIA,153,1085
B6,135,JFK,RSW,170,1074
AA,301,LGA,ORD,118,733
DL,1919,LGA,MSP,155,1020
UA,1669,JFK,LAX,307,2475
AA,1837,LGA,MIA,158,1096
B6,725,JFK,BQN,184,1576
UA,1429,EWR,MCO,144,937
EV,4201,EWR,IAD,46,212
MQ,4518,LGA,RDU,68,431
B6,709,JFK,SJU,194,1598
DL,575,EWR,ATL,118,746
UA,1701,EWR,FLL,149,1065
US,1567,JFK,CLT,89,541
9E,3856,JFK,ATL,118,760
US,1019,EWR,CLT,84,529
UA,1662,LGA,IAH,211,1416
EV,4559,EWR,CVG,103,569
MQ,4576,LGA,CLT,96,544
US,245,EWR,PHX,278,2133
MQ,4599,LGA,MSP,152,1020
US,1433,LGA,CLT,87,544
AA,413,JFK,SJU,202,1598
US,27,JFK,PHX,281,2153
EV,4419,EWR,IND,103,645
EV,4424,EWR,RDU,69,416
EV,4471,EWR,CLT,85,529
WN,4646,LGA,BWI,37,185
EV,3839,EWR,BNA,129,748
EV,4560,EWR,PIT,56,319
UA,772,EWR,MIA,163,1085
UA,849,EWR,PHX,278,2133
UA,910,EWR,AUS,229,1504
UA,1627,EWR,PBI,152,1023
B6,371,LGA,FLL,161,1076
UA,421,EWR,SFO,317,2565
AA,303,LGA,ORD,114,733
EV,4122,EWR,SDF,116,642
AA,711,LGA,DFW,197,1389
DL,2006,LGA,MSY,183,1183
US,926,EWR,CLT,82,529
B6,1002,JFK,BOS,40,187
B6,389,LGA,MCO,144,950
B6,102,JFK,BUF,59,301
UA,338,LGA,DEN,218,1620
EV,4241,EWR,DCA,44,199
UA,719,EWR,DFW,205,1372
DL,1415,JFK,SLC,265,1990
DL,1879,LGA,FLL,172,1076
UA,550,LGA,ORD,110,733
B6,117,JFK,MSY,185,1182
DL,1547,LGA,ATL,116,762
AA,1815,JFK,MCO,156,944
B6,203,JFK,LAS,282,2248
DL,2003,LGA,MIA,157,1096
US,2163,LGA,DCA,44,214
VX,399,JFK,LAX,318,2475
WN,20,EWR,HOU,220,1411
MQ,4534,LGA,XNA,188,1147
UA,1665,EWR,DEN,212,1605
UA,1506,EWR,LAS,283,2227
UA,1162,EWR,ORD,114,719
EV,4304,EWR,MSY,184,1167
AA,2279,LGA,MIA,159,1096
UA,775,EWR,MCO,147,937
UA,1655,EWR,SNA,327,2434
EV,4334,EWR,CMH,75,463
UA,799,JFK,SFO,342,2586
MQ,3737,EWR,ORD,111,719
UA,1526,EWR,RSW,160,1068
AA,443,JFK,MIA,156,1089
AA,825,JFK,FLL,163,1069
DL,831,LGA,DTW,82,502
UA,884,EWR,PBI,155,1023
DL,763,JFK,LAX,322,2475
B6,981,JFK,FLL,174,1069
FL,850,LGA,MKE,112,738
DL,1865,JFK,SFO,370,2586
B6,671,JFK,LAX,302,2475
B6,987,JFK,MCO,149,944
B6,715,JFK,SJU,193,1598
AA,715,LGA,DFW,217,1389
AA,2083,EWR,DFW,202,1372
AS,11,EWR,SEA,345,2402
UA,441,EWR,LAX,309,2454
VX,11,JFK,SFO,328,2586
AA,33,JFK,LAX,327,2475
DL,807,EWR,ATL,115,746
B6,44,JFK,SYR,47,209
B6,20,JFK,ROC,58,264
DL,2285,LGA,MCO,146,950
B6,643,JFK,SFO,319,2586
DL,1889,JFK,SEA,334,2422
UA,1179,EWR,TPA,156,997
AA,305,LGA,ORD,116,733
B6,1601,LGA,RSW,168,1080
B6,341,JFK,SRQ,159,1041
UA,393,EWR,ORD,113,719
9E,4023,EWR,CVG,98,569
B6,983,LGA,TPA,158,1010
AA,59,JFK,SFO,343,2586
9E,3611,JFK,PIT,69,340
DL,2119,LGA,MSP,157,1020
UA,1481,EWR,SJU,192,1608
AA,309,LGA,ORD,120,733
EV,3259,EWR,PWM,50,284
AA,2267,LGA,MIA,156,1096
DL,2047,LGA,ATL,117,762
WN,733,LGA,DEN,218,1620
UA,248,EWR,IAH,212,1400
DL,2143,JFK,MIA,152,1089
UA,1539,EWR,DFW,212,1372
EV,4214,EWR,MSP,156,1008
B6,1172,EWR,BOS,42,200
DL,1271,JFK,FLL,161,1069
UA,397,JFK,SFO,346,2586
EV,4457,EWR,MHT,37,209
B6,517,EWR,MCO,143,937
EV,4246,EWR,DTW,85,488
US,1733,LGA,CLT,90,544
WN,900,EWR,PHX,294,2133
9E,3538,JFK,MSP,158,1029
MQ,4406,JFK,RDU,74,427
UA,328,LGA,DEN,214,1620
EV,4537,EWR,MEM,160,946
B6,3,JFK,FLL,162,1069
DL,1429,JFK,LAS,307,2248
DL,1959,JFK,MCO,145,944
DL,1167,JFK,TPA,165,1005
MQ,4490,LGA,CMH,78,479
FL,346,LGA,ATL,115,762
UA,10,LGA,IAH,222,1416
US,675,EWR,CLT,85,529
9E,3521,JFK,ORD,124,740
AA,1838,JFK,BOS,42,187
EV,4294,EWR,OMA,159,1134
AA,655,JFK,STT,216,1623
B6,219,JFK,CLT,90,541
9E,3578,JFK,BUF,60,301
DL,1109,LGA,TPA,154,1010
MQ,4655,LGA,BNA,118,764
EV,4691,EWR,DAY,88,533
DL,914,LGA,DEN,214,1620
B6,181,JFK,SAN,312,2446
B6,717,JFK,SJU,197,1598
EV,4652,EWR,MYR,87,550
DL,2395,LGA,PBI,150,1035
MQ,4418,JFK,DCA,51,213
EV,4690,EWR,GRR,100,605
US,487,JFK,CLT,87,541
9E,4051,JFK,BWI,40,184
DL,301,JFK,SJU,241,1598
UA,1601,EWR,FLL,162,1065
UA,1480,EWR,SFO,326,2565
9E,4220,JFK,RDU,77,427
B6,1051,JFK,PIT,77,340
MQ,4521,LGA,RDU,73,431
DL,269,JFK,ATL,116,760
B6,611,JFK,JAX,134,828
WN,1170,EWR,MDW,113,711
F9,835,LGA,DEN,220,1620
UA,112,JFK,LAX,321,2475
EV,4388,EWR,JAX,131,820
MQ,4610,LGA,ATL,119,762
UA,1268,EWR,BOS,41,200
9E,3422,JFK,BOS,41,187
AA,313,LGA,ORD,115,733
EV,3832,EWR,BTV,46,266
B6,553,EWR,RSW,168,1068
AA,1357,JFK,SJU,200,1598
MQ,4558,LGA,CLE,76,419
UA,1626,EWR,SAN,306,2425
B6,905,JFK,ORD,126,740
EV,4409,EWR,RIC,48,277
EV,4260,EWR,ORF,48,284
MQ,4478,LGA,DTW,95,502
EV,4913,EWR,DTW,82,488
US,1429,LGA,CLT,88,544
AA,1855,LGA,STL,128,888
DL,1885,LGA,MCO,148,950
UA,673,EWR,ORD,117,719
EV,4364,EWR,MCI,154,1092
AA,717,LGA,DFW,205,1389
DL,485,EWR,ATL,120,746
DL,1747,LGA,ATL,119,762
VX,407,JFK,LAX,311,2475
UA,714,EWR,MIA,178,1085
UA,430,EWR,TPA,152,997
AA,1,JFK,LAX,327,2475
AA,647,JFK,MIA,165,1089
DL,120,JFK,LAX,336,2475
DL,181,LGA,DTW,87,502
UA,1548,EWR,IAH,213,1400
HA,51,JFK,HNL,639,4983
DL,2379,LGA,FLL,165,1076
UA,565,EWR,LAS,280,2227
UA,1718,LGA,IAH,213,1416
EV,4125,EWR,XNA,168,1131
UA,1643,EWR,DEN,217,1605
B6,1305,JFK,IAD,44,228
UA,1153,EWR,CLE,69,404
UA,544,LGA,ORD,117,733
B6,59,JFK,TPA,156,1005
B6,17,JFK,FLL,157,1069
UA,634,EWR,PBI,156,1023
B6,41,JFK,MCO,153,944
UA,1519,EWR,STT,201,1634
AA,1589,EWR,DFW,208,1372
UA,1223,EWR,LAX,310,2454
B6,56,JFK,BTV,43,266
MQ,4582,LGA,CLT,89,544
B6,375,LGA,FLL,155,1076
B6,1061,JFK,AUS,237,1521
9E,3661,JFK,ROC,71,264
VX,251,JFK,LAS,294,2248
EV,4636,EWR,DCA,38,199
B6,1004,JFK,BOS,41,187
AA,1871,LGA,MIA,155,1096
B6,215,EWR,SJU,195,1608
B6,361,LGA,PBI,151,1035
EV,4638,EWR,CVG,97,569
B6,4,JFK,BUF,67,301
B6,57,JFK,PBI,148,1028
WN,986,LGA,MDW,111,725
9E,3961,LGA,GRR,100,618
EV,4164,EWR,DTW,88,488
WN,1807,LGA,MKE,117,738
9E,3667,JFK,PHL,36,94
EV,4548,EWR,RDU,74,416
AA,319,LGA,ORD,116,733
WN,766,EWR,DEN,219,1605
UA,1117,EWR,MCO,147,937
B6,503,EWR,FLL,156,1065
UA,1027,LGA,ORD,119,733
EV,5711,JFK,IAD,48,228
MQ,4670,LGA,BNA,120,764
DL,1765,JFK,SFO,353,2586
B6,1103,JFK,RDU,79,427
DL,1847,LGA,ATL,115,762
UA,789,EWR,FLL,158,1065
US,75,EWR,PHX,272,2133
US,196,JFK,PHX,272,2153
DL,1529,JFK,LAS,295,2248
US,1177,LGA,CLT,93,544
UA,499,EWR,SEA,337,2402
UA,1597,EWR,EGE,252,1726
B6,679,JFK,LAX,310,2475
EV,4250,EWR,IND,96,645
EV,4234,EWR,STL,135,872
UA,1639,LGA,IAH,224,1416
DL,2319,LGA,MSP,151,1020
MQ,3795,EWR,ORD,111,719
EV,4140,EWR,ATL,123,746
US,1441,JFK,CLT,88,541
US,1103,EWR,CLT,92,529
DL,1903,LGA,SRQ,163,1047
B6,600,JFK,PWM,47,273
9E,3681,EWR,DTW,84,488
AA,731,LGA,DFW,221,1389
MQ,4471,LGA,RDU,72,431
FL,347,LGA,ATL,117,762
VX,23,JFK,SFO,324,2586
DL,2343,EWR,ATL,118,746
AA,19,JFK,LAX,334,2475
EV,4384,EWR,IAD,47,212
AA,179,JFK,SFO,342,2586
UA,1623,EWR,MCO,145,937
EV,4689,EWR,CHS,102,628
B6,545,EWR,PBI,149,1023
EV,4240,EWR,BUF,60,282
